time,latitude,longitude,depth,mag,magType,nst,gap,dmin,rms,net,id,updated,place,type,horizontalError,depthError,magError,magNst,status,locationSource,magSource
2021-12-23T02:47:57.680Z,33.2775,-116.2586667,2.69,2.59,ml,88,19,0.08467,0.22,ci,ci39894247,2021-12-23T02:58:49.650Z,"11km ENE of Borrego Springs, CA",earthquake,0.18,0.48,0.145,25,automatic,ci,ci
2021-12-23T02:34:03.680Z,19.2203333333333,-155.385333333333,31.13,2.58,ml,45,155,,0.11,hv,hv72843652,2021-12-23T02:52:29.150Z,"9 km E of Pāhala, Hawaii",earthquake,0.49,0.58,0.134835358434544,26,reviewed,hv,hv
2021-12-23T02:29:08.610Z,-5.7428,147.0448,86.72,4.6,mb,,59,5.327,0.44,us,us6000geqh,2021-12-23T02:44:28.040Z,"108 km N of Lae, Papua New Guinea",earthquake,10.3,9.2,0.112,24,reviewed,us,us
2021-12-23T01:54:26.422Z,35.1679,-3.9456,10,4.8,mb,,67,2.391,0.7,us,us6000geqa,2021-12-23T02:29:37.544Z,"7 km S of Tirhanimîne, Morocco",earthquake,6.9,1.9,0.077,53,reviewed,us,us
2021-12-23T01:47:42.520Z,40.3123322,-124.350502,29.56,3.06,ml,12,230,0.1634,0.15,nc,nc73667831,2021-12-23T02:03:14.200Z,"6km WSW of Petrolia, CA",earthquake,2.13,1.82,0.251,10,automatic,nc,nc
2021-12-23T01:17:51.154Z,11.3874,-87.0547,35,4.4,mb,,180,1.093,0.7,us,us6000geq6,2021-12-23T01:53:00.040Z,"73 km SW of Masachapa, Nicaragua",earthquake,4.3,2,0.063,73,reviewed,us,us
2021-12-23T01:13:20.530Z,40.4551659,-124.2201691,21.82,2.54,md,8,249,0.08483,0.12,nc,nc73667826,2021-12-23T02:53:13.056Z,"11km WSW of Rio Dell, CA",earthquake,3.51,0.85,0.12,7,automatic,nc,nc
2021-12-23T00:47:03.201Z,-14.9878,167.3272,111.69,4.7,mb,,82,0.472,0.79,us,us6000geq2,2021-12-23T01:05:59.040Z,"28 km ENE of Port-Olry, Vanuatu",earthquake,12,6.4,0.091,37,reviewed,us,us
2021-12-23T00:24:12.530Z,39.0416679,-123.083168,-0.6,2.56,md,23,58,0.1322,0.18,nc,nc73667821,2021-12-23T02:40:37.125Z,"12km SE of Talmage, CA",earthquake,0.38,6.43,0.11,24,automatic,nc,nc
2021-12-22T23:22:57.959Z,18.8322,-107.207,10,6,mww,,93,5.707,0.83,us,us6000gepm,2021-12-23T02:38:18.187Z,"225 km SW of La Cruz de Loreto, Mexico",earthquake,9.2,1.9,0.039,63,reviewed,us,us
2021-12-22T23:21:46.296Z,-25.5127,-70.5563,66.73,4.6,mb,,161,0.633,0.63,us,us6000gepl,2021-12-22T23:48:02.040Z,"13 km SSW of Taltal, Chile",earthquake,5.1,8,0.122,20,reviewed,us,us
2021-12-22T23:01:29.508Z,17.319,-61.8943,58.28,3.9,ml,,212,0.925,0.41,us,us6000gepf,2021-12-23T02:14:43.217Z,"22 km NNW of Saint John’s, Antigua and Barbuda",earthquake,6,27.2,0.045,64,reviewed,us,us
2021-12-22T22:38:49.295Z,-24.3359,-67.5118,212.37,4.2,mb,,107,1.507,0.83,us,us6000gepa,2021-12-23T00:29:05.040Z,"121 km W of San Antonio de los Cobres, Argentina",earthquake,7.1,16,0.263,4,reviewed,us,us
2021-12-22T22:33:26.107Z,2.1737,128.4393,44.65,4.4,mb,,111,1.757,0.72,us,us6000gepb,2021-12-22T22:55:08.040Z,"68 km NE of Tobelo, Indonesia",earthquake,8,9,0.095,32,reviewed,us,us
2021-12-22T22:27:56.440Z,-24.0372,-67.1493,227.4,4.1,mb,,96,1.435,0.53,us,us6000gep9,2021-12-22T22:45:27.040Z,"86 km WNW of San Antonio de los Cobres, Argentina",earthquake,11,13.1,0.301,3,reviewed,us,us
2021-12-22T22:07:10.515Z,-5.4355,154.2349,153.71,4.4,mb,,120,2.405,0.63,us,us6000genz,2021-12-22T22:23:57.040Z,"169 km NW of Panguna, Papua New Guinea",earthquake,12,4.2,0.1,29,reviewed,us,us
2021-12-22T21:53:53.845Z,41.0921,142.2471,50.13,4.4,mb,,144,0.945,0.41,us,us6000geny,2021-12-22T22:10:59.040Z,"85 km ENE of Misawa, Japan",earthquake,3.3,8.6,0.107,25,reviewed,us,us
2021-12-22T21:53:48.685Z,-20.3295,-70.1845,35.4,2.7,ml,,173,0.077,0.54,us,us6000genv,2021-12-22T22:30:29.114Z,"Near the coast of Tarapaca, Chile",earthquake,2.5,5.7,0.071,26,reviewed,us,us
2021-12-22T21:17:25.028Z,45.8701,96.5612,10,4.7,mb,,93,7.023,0.88,us,us6000genq,2021-12-22T21:29:21.040Z,"60 km SSE of Altai, Mongolia",earthquake,9.5,1.9,0.073,57,reviewed,us,us
2021-12-22T19:16:02.707Z,-15.5339,-74.1542,64.22,4.3,mb,,170,4.387,0.64,us,us6000gemq,2021-12-22T22:41:37.040Z,"15 km NNW of Tocota, Peru",earthquake,9.5,13.2,0.265,4,reviewed,us,us
2021-12-22T18:20:31.870Z,-29.5546,-71.3965,41.62,4.1,ml,,179,0.387,0.98,us,us6000gemg,2021-12-23T01:25:37.630Z,"41 km NNW of La Serena, Chile",earthquake,2.6,21.1,0.047,60,reviewed,us,us
2021-12-22T17:49:42.789Z,40.9226,-125.481,10,2.9,ml,,258,1.105,0.63,us,us6000gemb,2021-12-22T22:57:54.040Z,"108 km WNW of Indianola, California",earthquake,3.3,2,0.046,63,reviewed,us,us
2021-12-22T17:41:17.478Z,-23.3095,-177.0308,160.76,4.5,mb,,75,5.981,0.95,us,us6000gemf,2021-12-22T23:06:49.040Z,"south of the Fiji Islands",earthquake,12.1,7.5,0.073,55,reviewed,us,us
2021-12-22T13:57:38.781Z,19.5039,-70.7764,26.37,3.6,ml,,111,0.088,0.42,us,us6000geix,2021-12-23T01:08:47.585Z,"4 km SSE of Villa González, Dominican Republic",earthquake,4.4,9.1,0.097,14,reviewed,us,us
2021-12-22T13:49:52.508Z,-57.7818,-25.4543,35,5.1,mww,,83,16.356,0.79,us,us6000geiv,2021-12-22T14:09:20.040Z,"South Sandwich Islands region",earthquake,6,1.9,0.098,10,reviewed,us,us
2021-12-22T13:46:18.214Z,31.6947,120.1923,10,4.3,mb,,75,6.794,0.96,us,us6000geit,2021-12-23T02:09:03.691Z,"16 km NNW of Wuxi, China",earthquake,8.4,1.9,0.119,20,reviewed,us,us
2021-12-22T12:37:16.930Z,36.0911667,-117.8603333,3.47,2.54,ml,43,40,0.02673,0.14,ci,ci39893383,2021-12-22T18:45:37.940Z,"9km ENE of Coso Junction, CA",earthquake,0.12,0.24,0.272,25,reviewed,ci,ci
2021-12-22T12:36:31.880Z,19.1516666666667,-155.473666666667,32.91,2.89,ml,46,156,,0.11,hv,hv72843072,2021-12-22T21:34:23.340Z,"5 km S of Pāhala, Hawaii",earthquake,0.45,0.54,0.146744651962897,22,reviewed,hv,hv
2021-12-22T12:27:37.427Z,2.4027,126.9293,10,5,mww,,45,1.678,0.82,us,us6000gehc,2021-12-22T12:42:02.040Z,"141 km WNW of Tobelo, Indonesia",earthquake,7.8,1.8,0.089,12,reviewed,us,us
2021-12-22T12:19:56.105Z,2.4427,126.9203,14.61,4.9,mww,,79,1.718,0.94,us,us6000gehb,2021-12-22T12:35:59.040Z,"144 km WNW of Tobelo, Indonesia",earthquake,7.1,4.3,0.093,11,reviewed,us,us
2021-12-22T11:48:04.557Z,67.3382,-156.1485,0,2.9,ml,,,,0.98,ak,ak021gcy5m6e,2021-12-22T12:51:40.040Z,"57 km NE of Kobuk, Alaska",earthquake,,0.4,,,automatic,ak,ak
2021-12-22T10:28:09.893Z,54.9439,111.8207,10,4.2,mb,,94,5.89,1.11,us,us6000gegq,2021-12-22T12:46:22.040Z,"119 km NE of Kurumkan, Russia",earthquake,8,1.9,0.152,12,reviewed,us,us
2021-12-22T09:23:12.979Z,64.08,-22.0251,10,4.9,mb,,125,0.735,0.63,us,us6000geg2,2021-12-23T02:14:05.258Z,"2 km S of Álftanes, Iceland",earthquake,6,1.9,0.059,91,reviewed,us,us
2021-12-22T09:19:55.429Z,-4.6361,152.6352,54.34,5.4,mb,,56,0.645,0.96,us,us6000geg0,2021-12-22T11:21:16.884Z,"51 km SE of Kokopo, Papua New Guinea",earthquake,7.8,6.3,0.064,84,reviewed,us,us
2021-12-22T08:11:16.244Z,56.1981,-156.4412,51.2,2.5,ml,,,,0.55,ak,ak021gcw5ert,2021-12-22T08:17:07.710Z,"122 km E of Chignik, Alaska",earthquake,,5.1,,,automatic,ak,ak
2021-12-22T07:53:12.234Z,40.7401,-116.0018,5.1,2.6,ml,10,133.6,0.316,0.132,nn,nn00830389,2021-12-23T02:37:32.755Z,"9 km ENE of Carlin, Nevada",earthquake,,7.4,0.19,7,reviewed,nn,nn
2021-12-22T07:22:46.920Z,33.95130539,-97.27681732,0.8399627805,2.91,ml,57,77.48415756,0.09031722695,0.884745384,ok,ok2021yzef,2021-12-22T14:48:35.429Z,"14 km W of Marietta, Oklahoma",earthquake,2.458894434,1.749254861,,43,automatic,ok,ok
2021-12-22T07:07:01.761Z,26.2732,127.202,108.59,4.8,mb,,93,1.11,1.26,us,us6000gefe,2021-12-22T07:25:12.040Z,"48 km W of Naha, Japan",earthquake,6.9,11.3,0.184,9,reviewed,us,us
2021-12-22T06:30:23.534Z,61.4036,-147.2488,13.8,2.6,ml,,,,0.81,ak,ak021gcv2mph,2021-12-22T14:57:31.040Z,"49 km SSE of Glacier View, Alaska",earthquake,,0.3,,,automatic,ak,ak
2021-12-22T06:20:48.490Z,32.7843333,-86.7655,0.01,3.1,md,9,92,0.3212,0.38,se,se60140943,2021-12-23T01:19:56.025Z,"10 km E of Maplesville, Alabama",earthquake,1.53,0.16,0.142,13,reviewed,se,se
2021-12-22T05:51:51.524Z,-57.8143,-25.2929,35,5.9,mww,,27,7.197,0.92,us,us6000geea,2021-12-22T14:33:36.692Z,"South Sandwich Islands region",earthquake,9.2,1.8,0.061,26,reviewed,us,us
2021-12-22T04:55:11.549Z,-5.5324,151.5864,35,4.9,mb,,96,1.451,0.53,us,us6000gee1,2021-12-23T01:00:07.040Z,"151 km SSW of Kokopo, Papua New Guinea",earthquake,9.3,2,0.071,62,reviewed,us,us
2021-12-22T03:51:29.381Z,-30.0288,-71.6574,25.63,4.6,mb,,174,0.379,0.55,us,us6000gedu,2021-12-23T00:38:05.040Z,"31 km WSW of Coquimbo, Chile",earthquake,4.3,8.6,0.206,7,reviewed,us,us
2021-12-22T03:51:03.070Z,18.2528,-67.3195,10,3.26,md,16,174,0.1783,0.2,pr,pr2021356002,2021-12-22T04:28:11.278Z,"Mona Passage",earthquake,0.56,0.9,0.12,11,reviewed,pr,pr
2021-12-22T02:38:36.400Z,17.9478,-67.1038,11,2.59,md,14,240,0.0589,0.12,pr,pr2021356001,2021-12-22T02:57:33.139Z,"6 km WSW of La Parguera, Puerto Rico",earthquake,0.61,0.25,0.09,8,reviewed,pr,pr
2021-12-22T02:31:35.274Z,55.9759,-150.2008,10,2.7,ml,,,,0.75,ak,ak021gcspb3e,2021-12-22T18:14:23.644Z,"222 km SE of Chiniak, Alaska",earthquake,,0,,,reviewed,ak,ak
2021-12-22T02:20:40.852Z,-5.5908,153.9391,43.49,4.7,mb,,69,2.25,1.1,us,us6000gedb,2021-12-22T09:37:19.216Z,"189 km WNW of Panguna, Papua New Guinea",earthquake,9.4,7.8,0.09,37,reviewed,us,us
2021-12-22T02:12:52.210Z,14.9784,-92.5582,96.05,4.6,mb,,139,1.358,0.85,us,us6000ged2,2021-12-22T02:52:45.139Z,"6 km NW of Aquiles Serdán, Mexico",earthquake,7.9,7.7,0.038,207,reviewed,us,us
2021-12-22T02:09:06.129Z,-23.5632,-66.775,241.31,4.1,mb,,74,1.427,0.57,us,us6000ged0,2021-12-22T02:42:13.040Z,"86 km NNW of San Antonio de los Cobres, Argentina",earthquake,8.4,12.9,0.214,6,reviewed,us,us
2021-12-22T01:50:44.585Z,-8.3706,105.55,10,4.6,mb,,124,2.07,0.76,us,us6000gecy,2021-12-22T02:14:34.040Z,"188 km SW of Pelabuhanratu, Indonesia",earthquake,6.7,1.9,0.097,32,reviewed,us,us
2021-12-22T01:50:30.243Z,54.6397,-159.7294,19.45,3.7,mb,,195,0.208,0.59,us,us6000gecx,2021-12-22T09:15:54.182Z,"91 km SSE of Sand Point, Alaska",earthquake,4.9,8.9,0.225,5,reviewed,us,us
2021-12-22T01:35:22.930Z,19.1651666666667,-155.472833333333,31.48,2.99,ml,49,90,,0.12,hv,hv72842612,2021-12-22T03:05:55.810Z,"4 km S of Pāhala, Hawaii",earthquake,0.38,0.54,0.231327585576135,30,reviewed,hv,hv
2021-12-22T01:18:43.580Z,19.3341666666667,-155.1225,6.4,2.55,ml,40,131,,0.12,hv,hv72842597,2021-12-22T03:50:50.310Z,"14 km S of Fern Forest, Hawaii",earthquake,0.35,0.42,0.151407166540784,24,reviewed,hv,hv
2021-12-22T01:00:37.697Z,31.2291,142.2877,10,4.3,mb,,239,2.817,0.59,us,us6000gect,2021-12-22T01:44:12.040Z,"Izu Islands, Japan region",earthquake,9.3,2,0.178,9,reviewed,us,us
2021-12-22T00:43:52.740Z,19.5295,-65.4275,6,3.3,md,8,305,1.2305,0.21,pr,pr2021356000,2021-12-22T20:48:56.990Z,"129 km NNE of Vieques, Puerto Rico",earthquake,8.21,7.99,0.09,6,reviewed,pr,pr
2021-12-22T00:36:41.850Z,41.020668,-123.3205032,37.28,2.99,md,28,73,0.3445,0.13,nc,nc73667431,2021-12-22T03:05:11.345Z,"28km ENE of Willow Creek, CA",earthquake,0.53,0.67,0.14,20,automatic,nc,nc
2021-12-22T00:30:32.770Z,-7.0639,124.0609,604.33,4.4,mb,,66,2.387,0.88,us,us6000gec0,2021-12-22T00:55:54.040Z,"212 km NW of Maubara, Timor Leste",earthquake,12.3,7.4,0.09,35,reviewed,us,us
2021-12-21T23:08:19.070Z,40.2999992,-124.5446701,18.86,2.94,md,18,255,0.2003,0.12,nc,nc73667416,2021-12-22T02:25:11.135Z,"22km W of Petrolia, CA",earthquake,2.01,0.57,0.05,9,automatic,nc,nc
2021-12-21T22:58:48.020Z,19.4843,-67.751,29,3.45,md,20,229,1.1329,0.45,pr,pr2021355008,2021-12-22T00:05:18.040Z,"121 km NE of Punta Cana, Dominican Republic",earthquake,1.96,27.44,0.14,17,reviewed,pr,pr
2021-12-21T22:42:14.656Z,60.1218,-153.2117,152.6,5.9,mww,,,,0.7,ak,ak021gbh4rso,2021-12-23T02:49:46.154Z,"61 km E of Port Alsworth, Alaska",earthquake,,0.4,,,reviewed,ak,ak
2021-12-21T22:38:38.010Z,33.3746667,-116.8803333,4.82,2.69,ml,93,18,0.02569,0.21,ci,ci39892903,2021-12-22T17:59:49.294Z,"3km NW of Palomar Observatory, CA",earthquake,0.14,0.46,0.136,26,reviewed,ci,ci
2021-12-21T22:36:45.460Z,37.1905,-112.8938333,19.65,3.62,ml,16,93,0.1828,0.17,uu,uu60472847,2021-12-23T01:38:42.950Z,"9 km E of Springdale, Utah",earthquake,0.44,0.92,0.214,26,reviewed,uu,uu
2021-12-21T21:46:46.811Z,44.3676,-115.1535,10,2.5,ml,,61,0.939,0.62,us,us6000geaa,2021-12-22T10:07:34.472Z,"23 km NW of Stanley, Idaho",earthquake,2.4,2,0.059,38,reviewed,us,us
2021-12-21T21:08:36.265Z,10.284,94.1206,23.58,4.9,mb,,79,5.662,0.93,us,us6000ge9v,2021-12-21T21:38:53.040Z,"214 km SE of Port Blair, India",earthquake,6.6,4.9,0.077,54,reviewed,us,us
2021-12-21T20:33:59.440Z,18.2375,-68.4323,111,3.71,md,22,162,0.281,0.49,pr,pr2021355005,2021-12-22T14:16:45.326Z,"24 km SE of Boca de Yuma, Dominican Republic",earthquake,2.82,1.61,0.17,22,reviewed,pr,pr
2021-12-21T20:03:16.540Z,39.7981667,-123.2128333,-1.16,3.08,ml,59,39,0.09508,0.16,nc,nc73667331,2021-12-22T23:35:11.055Z,"3km E of Covelo, CA",earthquake,0.15,1.23,0.222,33,reviewed,nc,nc
2021-12-21T19:57:52.808Z,28.85650635,-98.14487592,9.219441732,3.2,ml,23,65,0.1663441942,0.3,tx,tx2021yyhp,2021-12-22T22:08:19.539Z,"18 km SW of Falls City, Texas",earthquake,1.3039734039999997,1.775573546,0.1,13,reviewed,tx,tx
2021-12-21T19:54:09.360Z,31.7176667,-115.9926667,4.98,2.5,ml,16,272,0.2888,0.23,ci,ci39892719,2021-12-21T22:46:03.040Z,"54km E of Maneadero, B.C., MX",earthquake,0.88,31.61,0.108,31,reviewed,ci,ci
2021-12-21T19:53:07.205Z,28.908,-98.2418,5,2.5,mb_lg,,115,0.497,0.53,us,us6000ge8y,2021-12-21T22:30:33.040Z,"23 km WSW of Falls City, Texas",earthquake,2.2,2,0.128,16,reviewed,us,us
2021-12-21T17:24:54.060Z,40.3076667,-124.6383333,20.87,3.23,ml,65,227,0.2711,0.2,nc,nc73667251,2021-12-23T01:01:11.331Z,"30km W of Petrolia, CA",earthquake,0.42,0.35,0.273,43,reviewed,nc,nc
2021-12-21T17:02:04.434Z,52.7516,-168.1985,46.23,4.2,mb,,139,0.682,1.1,us,us6000ge8g,2021-12-21T18:40:53.040Z,"49 km ESE of Nikolski, Alaska",earthquake,8,7.5,0.057,92,reviewed,us,us
2021-12-21T16:59:50.033Z,52.6313,-168.1716,35,3.8,mb,,292,0.757,0.43,us,us6000ge7s,2021-12-21T18:06:03.040Z,"57 km SE of Nikolski, Alaska",earthquake,6.3,2,0.114,20,reviewed,us,us
2021-12-21T16:50:37.070Z,40.4239998,-124.2986679,23.2,3.06,ml,18,214,0.1025,0.08,nc,nc73667231,2021-12-21T21:43:12.064Z,"11km N of Petrolia, CA",earthquake,0.91,0.4,0.325,14,automatic,nc,nc
2021-12-21T16:46:59.315Z,31.1095,142.3437,10,5,mb,,98,2.933,0.4,us,us6000ge6n,2021-12-21T17:53:04.040Z,"Izu Islands, Japan region",earthquake,10.8,1.9,0.051,125,reviewed,us,us
2021-12-21T16:42:40.741Z,31.2166,142.2805,10,4.9,mww,,93,2.821,0.43,us,us6000ge6k,2021-12-21T17:46:39.040Z,"Izu Islands, Japan region",earthquake,7.8,1.8,0.093,11,reviewed,us,us
2021-12-21T16:36:12.668Z,27.669,56.0938,10,4.6,mb,,53,2.714,0.64,us,us6000ge6h,2021-12-21T17:38:10.040Z,"56 km NNW of Bandar Abbas, Iran",earthquake,6.8,1.9,0.081,48,reviewed,us,us
2021-12-21T16:35:36.387Z,57.15,-150.7145,37.4,3.2,ml,,,,0.55,ak,ak021gbdipuu,2021-12-21T17:23:18.040Z,"107 km ESE of Chiniak, Alaska",earthquake,,21.1,,,automatic,ak,ak
2021-12-21T16:28:58.479Z,31.1571,142.2583,10,4.6,mb,,96,2.848,0.64,us,us6000ge6g,2021-12-21T17:17:30.040Z,"Izu Islands, Japan region",earthquake,10.8,1.9,0.069,65,reviewed,us,us
2021-12-21T16:16:54.829Z,31.6456,-104.2097,5,2.9,ml,,61,0.249,0.26,us,us6000ge6d,2021-12-21T22:19:38.040Z,"53 km NW of Toyah, Texas",earthquake,1.5,1.9,0.046,63,reviewed,us,us
2021-12-21T15:25:56.048Z,67.3369,-156.2963,0.9,3.2,ml,,,,0.55,ak,ak021gbcv6ku,2021-12-21T16:02:26.040Z,"54 km NNE of Kobuk, Alaska",earthquake,,0.8,,,automatic,ak,ak
2021-12-21T14:53:34.931Z,18.5271,-73.9662,12.92,4.3,mb,,79,1.658,0.41,us,us6000ge5x,2021-12-22T19:16:00.642Z,"9 km WSW of Corail, Haiti",earthquake,6.2,5,0.111,26,reviewed,us,us
2021-12-21T14:46:06.254Z,-30.6993,-71.3523,39.41,4.5,mb,,92,0.244,0.27,us,us6000ge5v,2021-12-21T16:43:28.812Z,"18 km SW of Ovalle, Chile",earthquake,3.1,7.5,0.135,17,reviewed,us,us
2021-12-21T14:16:14.430Z,40.4711685,-124.2943344,26.23,3.25,ml,21,101,0.03321,0.09,nc,nc73667171,2021-12-21T19:55:17.169Z,"12km SSW of Ferndale, CA",earthquake,0.99,1.07,0.18,14,automatic,nc,nc
2021-12-21T14:09:48.440Z,40.3916664,-124.2770004,24.21,2.92,md,16,147,0.06984,0.09,nc,nc73667151,2021-12-21T17:35:11.518Z,"7km N of Petrolia, CA",earthquake,1.09,0.92,0.07,16,automatic,nc,nc
2021-12-21T13:35:53.583Z,31.4386,142.0954,10,4.4,mb,,141,2.555,0.71,us,us6000ge5l,2021-12-21T14:28:41.040Z,"Izu Islands, Japan region",earthquake,11.9,1.9,0.127,20,reviewed,us,us
2021-12-21T13:31:10.544Z,31.6622,-104.4093,5,2.6,ml,,71,0.078,0.35,us,us6000ge5k,2021-12-21T14:16:52.040Z,"57 km S of Whites City, New Mexico",earthquake,1,1.7,0.052,48,reviewed,us,us
2021-12-21T12:43:01.577Z,32.2161,142.3127,10,4.7,mb,,143,2.29,0.59,us,us6000ge5f,2021-12-21T13:10:46.040Z,"Izu Islands, Japan region",earthquake,8.3,1.7,0.133,17,reviewed,us,us
2021-12-21T12:29:38.920Z,17.9603,-66.597,13,2.5,md,16,135,0.083,0.13,pr,pr2021355003,2021-12-21T13:20:10.316Z,"6 km SSE of Ponce, Puerto Rico",earthquake,0.4,0.27,0.13,3,reviewed,pr,pr
2021-12-21T11:42:49.820Z,40.29,-124.6135,17.49,2.77,md,27,255,0.2072,0.18,nc,nc73667046,2021-12-22T08:28:11.094Z,"28km W of Petrolia, CA",earthquake,0.66,0.75,0.138,20,reviewed,nc,nc
2021-12-21T10:57:34.665Z,40.3411,-125.0117,10,2.6,ml,,251,0.684,0.5,us,us6000ge55,2021-12-22T07:58:51.040Z,"68 km WSW of Ferndale, California",earthquake,5.2,2,0.059,38,reviewed,us,us
2021-12-21T10:34:43.311Z,31.1276,142.2906,10,4.1,mb,,137,2.888,0.82,us,us6000ge56,2021-12-21T11:33:41.040Z,"Izu Islands, Japan region",earthquake,11.6,1.9,0.126,17,reviewed,us,us
2021-12-21T08:54:26.124Z,-57.0692,-23.4707,10,4.9,mb,,85,7.869,0.37,us,us6000ge4s,2021-12-21T09:17:36.040Z,"South Sandwich Islands region",earthquake,12.6,1.9,0.109,26,reviewed,us,us
2021-12-21T07:50:56.844Z,-34.1372,-14.5989,10,4.9,mb,,114,25.341,0.78,us,us6000ge48,2021-12-22T07:34:06.040Z,"Tristan da Cunha region",earthquake,14.8,1.9,0.108,29,reviewed,us,us
2021-12-21T07:43:05.380Z,17.9333,-66.9535,9,2.7,md,14,222,0.0853,0.1,pr,pr2021355001,2021-12-21T08:08:14.440Z,"6 km SW of Guánica, Puerto Rico",earthquake,0.44,0.49,0.17,9,reviewed,pr,pr
2021-12-21T06:59:30.894Z,-3.5842,131.3184,10,4.7,mb,,80,1.139,0.59,us,us6000ge3x,2021-12-21T07:17:04.040Z,"267 km E of Amahai, Indonesia",earthquake,7.9,1.9,0.078,49,reviewed,us,us
2021-12-21T06:46:16.636Z,13.5772,-91.8995,35,4.3,mb,,194,2.084,0.55,us,us6000ge3t,2021-12-21T06:58:53.040Z,"79 km S of Champerico, Guatemala",earthquake,11,2,0.057,87,reviewed,us,us
2021-12-21T06:15:13.104Z,7.0977,-34.4388,10,4.9,mb,,71,12.923,0.49,us,us6000ge3p,2021-12-21T06:35:14.040Z,"central Mid-Atlantic Ridge",earthquake,4.8,1.9,0.081,48,reviewed,us,us
2021-12-21T05:53:31.040Z,40.3165,-124.6346667,20.63,2.74,md,28,259,0.2251,0.18,nc,nc73666866,2021-12-22T04:21:11.617Z,"30km W of Petrolia, CA",earthquake,1.05,0.36,0.077,21,reviewed,nc,nc
2021-12-21T05:53:27.005Z,-6.0052,122.1006,14.15,4.9,mb,,99,2.537,0.51,us,us6000ge3l,2021-12-21T06:13:41.040Z,"127 km SSW of Katabu, Indonesia",earthquake,6.1,4.8,0.082,47,reviewed,us,us
2021-12-21T05:04:14.419Z,27.6744,96.9825,39.3,4.6,mb,,44,4.194,0.46,us,us6000ge34,2021-12-21T06:24:36.040Z,"61 km SE of Hayuliang, India",earthquake,3.4,9.2,0.107,26,reviewed,us,us
2021-12-21T04:49:20.390Z,18.111,-67.207,19,2.78,md,23,180,0.123,0.23,pr,pr2021355000,2021-12-21T05:09:29.212Z,"Mona Passage",earthquake,0.74,0.3,0.18,16,reviewed,pr,pr
2021-12-21T04:34:19.950Z,40.4475,-124.2841667,27.54,3.76,mw,33,109,0.04941,0.13,nc,nc73666831,2021-12-22T11:54:29.674Z,"14km N of Petrolia, CA",earthquake,0.37,0.46,,2,reviewed,nc,nc
2021-12-21T04:24:35.761Z,-54.2477,-40.5074,10,5,mb,,128,2.357,0.58,us,us6000ge2u,2021-12-22T05:48:51.040Z,"South Atlantic Ocean",earthquake,13.6,1.9,0.094,36,reviewed,us,us
2021-12-21T04:13:06.140Z,40.4396667,-124.3566666,21.51,2.94,md,13,228,0.03873,0.07,nc,nc73666816,2021-12-22T05:40:37.040Z,"14km NNW of Petrolia, CA",earthquake,1.19,0.43,0.27,8,automatic,nc,nc
2021-12-21T04:08:12.374Z,12.7493,121.0521,10,4.9,mb,,120,10.588,0.91,us,us6000ge2q,2021-12-22T05:27:02.669Z,"19 km NE of Banos, Philippines",earthquake,11.9,1.9,0.078,52,reviewed,us,us
2021-12-21T03:44:06.210Z,40.4416656,-124.3548355,21.69,2.81,md,14,226,0.03636,0.06,nc,nc73666806,2021-12-22T05:17:12.040Z,"14km NNW of Petrolia, CA",earthquake,1.14,0.42,0.09,11,automatic,nc,nc
2021-12-21T03:36:17.888Z,-5.6641,146.7865,133.79,4.5,mb,,91,5.553,0.69,us,us6000ge2i,2021-12-22T04:09:19.040Z,"119 km N of Lae, Papua New Guinea",earthquake,8.6,9.2,0.111,24,reviewed,us,us
2021-12-21T03:26:39.360Z,40.4115,-124.2383333,26.83,3.84,mw,34,97,0.08995,0.14,nc,nc73666801,2021-12-22T11:24:27.614Z,"10km NNE of Petrolia, CA",earthquake,0.29,0.45,,2,reviewed,nc,nc
2021-12-21T03:18:38.750Z,40.4481659,-124.2440033,26.45,2.5,md,11,252,0.09903,0.09,nc,nc73666796,2021-12-21T03:25:11.102Z,"13km WSW of Rio Dell, CA",earthquake,2.48,2.04,0.18,7,automatic,nc,nc
2021-12-21T02:53:14.866Z,43.8108,145.9057,89.12,4.9,mww,,83,2.411,0.54,us,us6000ge25,2021-12-22T03:23:56.040Z,"24 km S of Yuzhno-Kurilsk, Russia",earthquake,8.1,5.7,0.093,11,reviewed,us,us
2021-12-21T02:46:05.958Z,31.4779,142.5657,10,4.8,mb,,98,5.988,0.67,us,us6000ge23,2021-12-22T02:52:46.040Z,"Izu Islands, Japan region",earthquake,9.9,1.9,0.045,150,reviewed,us,us
2021-12-21T02:31:55.340Z,40.3998333,-124.2411667,23.36,2.75,md,23,113,,0.07,nc,nc73666771,2021-12-22T04:06:11.526Z,"9km NNE of Petrolia, CA",earthquake,0.46,0.42,0.125,25,reviewed,nc,nc
2021-12-21T02:30:22.560Z,31.552,142.4223,10,4.7,mww,,98,2.702,0.37,us,us6000ge1u,2021-12-22T02:31:47.040Z,"Izu Islands, Japan region",earthquake,9.3,1.9,0.083,14,reviewed,us,us
2021-12-21T02:21:27.592Z,14.525,-91.9003,94.11,4.3,mb,,208,1.761,0.51,us,us6000ge22,2021-12-22T02:25:06.040Z,"12 km SSW of Flores Costa Cuca, Guatemala",earthquake,13.2,11.7,0.077,47,reviewed,us,us
2021-12-21T01:44:08.250Z,40.2861667,-124.4578333,20.35,2.81,md,25,259,0.08818,0.11,nc,nc73666756,2021-12-22T02:15:49.040Z,"15km WSW of Petrolia, CA",earthquake,0.46,0.3,0.12,41,reviewed,nc,nc
2021-12-21T01:34:30.800Z,-15.8846,167.8683,159.15,5,mb,,99,0.774,0.42,us,us6000ge1l,2021-12-22T02:11:55.040Z,"53 km ENE of Lakatoro, Vanuatu",earthquake,8.6,4.4,0.08,50,reviewed,us,us
2021-12-21T00:48:16.740Z,18.8238333333333,-155.190333333333,9.4,2.96,ml,35,267,,0.13,hv,hv72841437,2021-12-21T01:18:59.620Z,"49 km ESE of Naalehu, Hawaii",earthquake,0.59,0.61,0.180311987425799,16,reviewed,hv,hv
2021-12-21T00:26:06.370Z,40.5431671,-124.2216644,26.25,2.67,md,12,195,0.1475,0.05,nc,nc73666671,2021-12-22T03:50:10.435Z,"5km SE of Ferndale, CA",earthquake,0.8,1.53,0.17,5,automatic,nc,nc
2021-12-21T00:10:58.490Z,40.3718338,-124.2375031,22.21,2.81,md,13,206,0.06132,0.06,nc,nc73666666,2021-12-21T08:10:10.881Z,"7km NE of Petrolia, CA",earthquake,1.32,0.75,0.13,9,automatic,nc,nc
2021-12-20T23:57:22.598Z,63.2047,-150.3568,114.9,2.6,ml,,,,0.57,ak,ak021g9ua38l,2021-12-21T00:33:29.040Z,"73 km WSW of Cantwell, Alaska",earthquake,,0.5,,,automatic,ak,ak
2021-12-20T23:40:29.530Z,40.5055,-124.296,18.36,2.98,ml,29,150,0.007966,0.1,nc,nc73666641,2021-12-21T11:44:10.983Z,"8km SSW of Ferndale, CA",earthquake,0.42,0.24,0.267,19,reviewed,nc,nc
2021-12-20T23:25:14.850Z,40.4445,-124.2925034,22.16,2.76,md,14,136,0.04627,0.06,nc,nc73666621,2021-12-21T07:26:11.617Z,"13km N of Petrolia, CA",earthquake,1.79,0.51,0.12,10,automatic,nc,nc
2021-12-20T23:12:43.010Z,40.2736664,-124.5830002,16.29,2.45,md,12,282,0.2335,0.09,nc,nc73666601,2021-12-20T23:33:16.040Z,"26km WSW of Petrolia, CA",earthquake,2.41,0.73,0.04,4,automatic,nc,nc
2021-12-20T23:06:20.460Z,17.9448,-66.8445,13,3.02,md,25,178,0.0461,0.25,pr,pr2021354007,2021-12-21T05:08:19.040Z,"6 km SE of Maria Antonia, Puerto Rico",earthquake,0.61,0.4,0.19,19,reviewed,pr,pr
2021-12-20T22:57:54.960Z,40.4656667,-124.4793333,27.04,2.62,md,25,254,0.1087,0.11,nc,nc73666586,2021-12-22T21:22:11.321Z,"22km SW of Ferndale, CA",earthquake,0.46,0.53,0.249,23,reviewed,nc,nc
2021-12-20T22:51:05.610Z,40.2738342,-124.7686691,0.32,2.92,md,8,293,0.3736,0.1,nc,nc73666571,2021-12-21T06:54:10.799Z,"41km W of Petrolia, CA",earthquake,4.27,5.34,0.08,4,automatic,nc,nc
2021-12-20T22:45:26.620Z,40.3068352,-124.765831,12.25,2.9,md,17,241,0.3685,0.1,nc,nc73666561,2021-12-21T06:38:10.467Z,"41km W of Petrolia, CA",earthquake,1.81,1.9,0.21,5,automatic,nc,nc
2021-12-20T22:43:48.057Z,22.354,143.7415,161.19,4.4,mb,,124,14.932,0.89,us,us6000ge0h,2021-12-21T00:19:34.040Z,"Volcano Islands, Japan region",earthquake,12.6,8.3,0.078,48,reviewed,us,us
2021-12-20T22:33:31.390Z,40.2975006,-123.7686691,24.91,2.45,md,17,93,0.07153,0.08,nc,nc73666551,2021-12-20T22:43:22.764Z,"20km NNE of Redway, CA",earthquake,0.43,0.78,0.03,6,automatic,nc,nc
2021-12-20T21:53:46.470Z,40.3585,-124.2258333,26.93,3.93,mw,37,92,,0.16,nc,nc73666511,2021-12-21T18:48:10.894Z,"6km NE of Petrolia, CA",earthquake,0.36,0.43,,2,reviewed,nc,nc
2021-12-20T21:52:53.240Z,40.4746667,-124.4248333,25.08,3.25,ml,31,222,0.06664,0.14,nc,nc73666506,2021-12-22T21:07:11.230Z,"18km SW of Ferndale, CA",earthquake,0.87,0.45,0.219,26,reviewed,nc,nc
2021-12-20T21:31:39.020Z,40.4138333,-124.2385,22.54,3.18,ml,31,97,0.08996,0.11,nc,nc73666476,2021-12-21T07:10:17.881Z,"11km NNE of Petrolia, CA",earthquake,0.47,0.42,0.111,10,reviewed,nc,nc
2021-12-20T21:29:59.970Z,40.4723333,-124.2968333,24.96,2.59,md,26,100,0.03118,0.09,nc,nc73666466,2021-12-21T00:12:12.006Z,"12km SSW of Ferndale, CA",earthquake,0.4,0.74,0.102,16,reviewed,nc,nc
2021-12-20T21:24:05.760Z,40.4688333,-124.3761667,26.48,2.66,md,22,220,0.03027,0.09,nc,nc73666461,2021-12-21T09:56:11.061Z,"15km SW of Ferndale, CA",earthquake,0.79,1,0.157,23,reviewed,nc,nc
2021-12-20T21:21:14.460Z,40.4485,-124.3165,26.62,2.56,md,23,142,0.03142,0.09,nc,nc73666451,2021-12-21T05:20:11.686Z,"14km N of Petrolia, CA",earthquake,0.6,0.88,0.147,16,reviewed,nc,nc
2021-12-20T21:19:57.630Z,40.4636667,-124.3005,24.23,3.28,ml,31,102,,0.12,nc,nc73666446,2021-12-23T00:15:11.293Z,"13km SSW of Ferndale, CA",earthquake,0.44,0.42,0.239,40,reviewed,nc,nc
2021-12-20T21:17:05.780Z,40.4446667,-124.2555,29.26,2.48,md,21,93,0.06976,0.09,nc,nc71126934,2021-12-23T03:05:12.409Z,"14km N of Petrolia, CA",earthquake,0.35,0.57,0.28,18,reviewed,nc,nc
2021-12-20T21:16:54.480Z,40.386,-124.2666667,24.05,2.54,md,24,137,0.06536,0.13,nc,nc73666431,2021-12-23T02:19:10.830Z,"7km NNE of Petrolia, CA",earthquake,0.38,0.4,0.146,20,reviewed,nc,nc
2021-12-20T21:16:03.160Z,40.46,-124.34,25.92,2.88,ml,28,186,0.01567,0.1,nc,nc73666426,2021-12-21T11:29:11.900Z,"14km SSW of Ferndale, CA",earthquake,0.3,0.47,0.141,19,reviewed,nc,nc
2021-12-20T21:12:05.780Z,40.2843333,-124.429,22.33,2.75,md,25,248,0.06623,0.09,nc,nc73666416,2021-12-22T06:02:10.653Z,"13km WSW of Petrolia, CA",earthquake,0.87,0.25,0.103,33,reviewed,nc,nc
2021-12-20T21:10:08.940Z,40.4431667,-124.2491667,28.02,3.12,ml,32,91,0.06444,0.1,nc,nc73666411,2021-12-21T11:14:10.818Z,"14km NNE of Petrolia, CA",earthquake,0.26,0.42,0.22,25,reviewed,nc,nc
2021-12-20T21:06:38.210Z,40.4316667,-124.1348333,26.96,3.02,ml,34,57,0.01801,0.19,nc,nc73666396,2021-12-21T12:00:10.147Z,"8km SSW of Rio Dell, CA",earthquake,0.33,0.56,0.323,19,reviewed,nc,nc
2021-12-20T20:57:43.920Z,40.4076667,-124.2745,28.85,2.49,md,16,121,0.08313,0.08,nc,nc73666386,2021-12-22T01:40:10.719Z,"9km N of Petrolia, CA",earthquake,0.53,0.51,0.288,18,reviewed,nc,nc
2021-12-20T20:56:22.920Z,40.3728333,-124.342,27.52,2.98,ml,21,223,0.06728,0.1,nc,nc73666381,2021-12-21T21:13:10.052Z,"7km NW of Petrolia, CA",earthquake,1.06,0.49,0.134,3,reviewed,nc,nc
2021-12-20T20:55:43.240Z,40.425,-124.2931667,25.23,3.07,ml,29,131,0.06079,0.1,nc,nc73666376,2021-12-21T10:28:11.422Z,"11km N of Petrolia, CA",earthquake,0.3,0.43,0.206,23,reviewed,nc,nc
2021-12-20T20:53:30.560Z,40.3463333,-124.2538333,22.35,2.91,md,25,134,0.03368,0.08,nc,nc73666371,2021-12-21T20:13:11.456Z,"4km NE of Petrolia, CA",earthquake,0.33,0.23,0.131,23,reviewed,nc,nc
2021-12-20T20:47:43.920Z,40.3196667,-124.6,17.93,3.28,ml,35,253,0.1993,0.11,nc,nc73666361,2021-12-21T08:42:11.228Z,"27km W of Petrolia, CA",earthquake,0.49,0.38,0.226,42,reviewed,nc,nc
2021-12-20T20:46:24.690Z,40.3841667,-124.2801667,26.07,2.65,md,26,128,0.06221,0.09,nc,nc73666356,2021-12-22T00:53:12.384Z,"7km N of Petrolia, CA",earthquake,0.36,0.41,0.02,16,reviewed,nc,nc
2021-12-20T20:37:09.580Z,40.298,-124.4915,20.38,2.48,md,21,262,0.1143,0.09,nc,nc73666321,2021-12-21T23:14:10.401Z,"18km W of Petrolia, CA",earthquake,0.47,0.28,0.127,12,reviewed,nc,nc
2021-12-20T20:36:20.000Z,40.4641667,-124.2273333,25.18,2.56,md,22,83,0.0848,0.08,nc,nc73666316,2021-12-21T22:29:11.538Z,"11km WSW of Rio Dell, CA",earthquake,0.3,0.54,0.197,21,reviewed,nc,nc
2021-12-20T20:35:32.000Z,36.0947,70.9163,88.93,4.4,mb,,75,1.064,0.79,us,us6000gdy8,2021-12-20T21:40:28.040Z,"Hindu Kush region, Afghanistan",earthquake,5.7,6.4,0.073,54,reviewed,us,us
2021-12-20T20:34:52.040Z,40.3696667,-124.3031667,28.18,2.58,md,22,184,0.04978,0.14,nc,nc73666311,2021-12-22T10:30:09.886Z,"5km NNW of Petrolia, CA",earthquake,0.54,0.44,0.175,25,reviewed,nc,nc
2021-12-20T20:30:58.450Z,40.4898333,-124.2178333,23.91,2.79,md,29,82,0.05897,0.11,nc,nc73666306,2021-12-21T22:14:10.450Z,"10km W of Rio Dell, CA",earthquake,0.48,0.6,0.105,24,reviewed,nc,nc
2021-12-20T20:29:22.320Z,40.4258333,-124.3193333,26.36,2.78,md,28,188,0.1071,0.13,nc,nc73666296,2021-12-22T10:15:10.786Z,"12km NNW of Petrolia, CA",earthquake,0.34,0.49,0.153,43,reviewed,nc,nc
2021-12-20T20:28:23.500Z,40.4038333,-124.2843333,25.19,2.9,mh,13,129,0.08177,0.08,nc,nc73666291,2021-12-21T18:39:12.326Z,"9km N of Petrolia, CA",earthquake,0.46,0.58,,0,reviewed,nc,nc
2021-12-20T20:25:01.050Z,40.4236667,-124.3,25.31,2.71,md,26,138,0.05921,0.11,nc,nc73666276,2021-12-21T21:42:11.506Z,"11km N of Petrolia, CA",earthquake,0.36,0.51,0.255,19,reviewed,nc,nc
2021-12-20T20:24:11.030Z,40.4936667,-124.2591667,26.03,2.65,md,27,117,0.06241,0.1,nc,nc73666271,2021-12-22T09:59:11.683Z,"9km S of Ferndale, CA",earthquake,0.39,0.58,0.137,25,reviewed,nc,nc
2021-12-20T20:23:59.040Z,40.2693333,-124.3558333,21.42,2.69,md,14,262,0.02161,0.06,nc,nc73666266,2021-12-22T19:48:10.513Z,"9km SW of Petrolia, CA",earthquake,0.7,0.31,0.091,6,reviewed,nc,nc
2021-12-20T20:23:04.920Z,40.3938333,-124.2831667,25.86,2.59,md,26,130,0.07179,0.12,nc,nc73666261,2021-12-22T09:42:12.296Z,"8km N of Petrolia, CA",earthquake,0.32,0.46,0.14,34,reviewed,nc,nc
2021-12-20T20:21:52.550Z,40.3041667,-124.1748333,28.44,2.47,md,24,52,0.0459,0.11,nc,nc73666256,2021-12-21T13:14:11.096Z,"10km ESE of Petrolia, CA",earthquake,0.35,0.5,0.387,19,reviewed,nc,nc
2021-12-20T20:21:49.799Z,34.77066667,-97.551,6.49,2.52,ml,81,105,0.135873337,0.26,ok,ok2021ywmx,2021-12-21T20:06:37.458Z,"6 km SE of Erin Springs, Oklahoma",earthquake,,0.5,0.22,5,reviewed,ok,ok
2021-12-20T20:21:09.798Z,37.3851,-117.1041,0.1,2.6,ml,16,135.18,0.151,0.1534,nn,nn00830255,2021-12-21T02:39:41.025Z,"37 km SSE of Goldfield, Nevada",earthquake,,4.4,0,1,reviewed,nn,nn
2021-12-20T20:20:29.050Z,40.3753333,-124.2853333,25.74,2.84,md,7,224,0.05331,0.07,nc,nc71126899,2021-12-22T07:27:11.365Z,"6km N of Petrolia, CA",earthquake,0.81,0.61,0.175,2,reviewed,nc,nc
2021-12-20T20:20:16.640Z,40.3695,-124.3343333,27.81,2.74,md,17,191,0.06096,0.1,nc,nc73666251,2021-12-22T09:14:10.376Z,"6km NW of Petrolia, CA",earthquake,0.68,0.37,0.213,19,reviewed,nc,nc
2021-12-20T20:18:28.880Z,40.4241667,-124.2896667,25.42,2.8,md,28,128,0.06299,0.11,nc,nc73666246,2021-12-22T05:14:19.255Z,"11km N of Petrolia, CA",earthquake,0.29,0.43,0.207,32,reviewed,nc,nc
2021-12-20T20:13:40.750Z,40.3498333,-124.8993333,19.88,4.84,ml,90,241,0.4301,0.19,nc,nc71126864,2021-12-22T05:01:10.952Z,"52km W of Petrolia, CA",earthquake,0.69,1.6,0.146,10,reviewed,nc,nc
2021-12-20T20:10:19.100Z,40.314,-124.727,14.85,6.2,mw,118,224,0.2951,0.22,nc,nc73666231,2021-12-23T02:36:59.098Z,"38km W of Petrolia, CA",earthquake,0.76,0.62,,0,reviewed,nc,nc
2021-12-20T19:37:24.240Z,43.8761,-128.2861,10,4.4,mb,,193,3.069,0.85,us,us6000gdxh,2021-12-22T03:25:41.333Z,"off the coast of Oregon",earthquake,10.7,2,0.058,85,reviewed,us,us
2021-12-20T19:12:35.412Z,-24.1797,-66.8819,179.22,4.5,mb,,66,1.705,0.8,us,us6000gdxc,2021-12-20T19:35:07.040Z,"57 km W of San Antonio de los Cobres, Argentina",earthquake,7.8,6.7,0.063,75,reviewed,us,us
2021-12-20T18:49:26.250Z,19.2171666666667,-155.4225,34.47,2.63,md,41,149,,0.12,hv,hv72841172,2021-12-20T22:52:41.740Z,"6 km ENE of Pāhala, Hawaii",earthquake,0.5,0.6,0.109492441372274,16,reviewed,hv,hv
2021-12-20T17:44:52.320Z,18.8728,-64.358,24,3.82,md,16,334,1.0836,0.36,pr,pr2021354005,2021-12-20T18:30:37.040Z,"75 km NE of Cruz Bay, U.S. Virgin Islands",earthquake,2.93,26.99,0.1,9,reviewed,pr,pr
2021-12-20T17:22:52.416Z,79.5798,3.7086,10,4.9,mb,,61,2.825,1.19,us,us6000gdw7,2021-12-20T17:44:26.040Z,"297 km WNW of Longyearbyen, Svalbard and Jan Mayen",earthquake,4.4,1.9,0.065,74,reviewed,us,us
2021-12-20T17:10:54.830Z,19.0486,-64.5668,50,3.52,md,7,331,1.0303,0.49,pr,pr2021354004,2021-12-20T17:48:40.040Z,"82 km NNE of Cruz Bay, U.S. Virgin Islands",earthquake,8.26,19.89,0.05,4,reviewed,pr,pr
2021-12-20T16:34:27.091Z,-26.1402,-64.7119,10,5,mb,,87,4.018,0.67,us,us6000gdvs,2021-12-21T20:02:53.239Z,"39 km N of Burruyacú, Argentina",earthquake,8.6,1.8,0.07,69,reviewed,us,us
2021-12-20T16:05:26.071Z,42.3783,142.6724,44.44,5.1,mb,,73,0.511,0.38,us,us6000gdup,2021-12-21T19:35:38.340Z,"25 km E of Shizunai-furukawachō, Japan",earthquake,5.3,5.6,0.025,513,reviewed,us,us
2021-12-20T15:37:13.113Z,-7.4362,128.1406,144.88,4.4,mb,,57,3.176,0.68,us,us6000gdu4,2021-12-21T18:23:31.040Z,"173 km NE of Lospalos, Timor Leste",earthquake,7.5,8.8,0.112,23,reviewed,us,us
2021-12-20T14:25:06.150Z,40.2881667,-124.5376667,20.28,3.98,mw,43,229,0.1492,0.15,nc,nc73666136,2021-12-22T03:25:57.237Z,"22km W of Petrolia, CA",earthquake,0.41,0.25,,3,reviewed,nc,nc
2021-12-20T13:06:33.720Z,18.6251,-64.5256,42,3.41,md,5,341,0.8209,0.22,pr,pr2021354002,2021-12-20T13:23:09.739Z,"43 km NE of Cruz Bay, U.S. Virgin Islands",earthquake,4.05,5.57,0.01,3,reviewed,pr,pr
2021-12-20T12:44:34.578Z,31.65138258,-104.2292003,7.57121582,2.7,ml,18,65,0.03655881003,0.3,tx,tx2021yvxu,2021-12-21T07:34:52.040Z,"55 km NW of Toyah, Texas",earthquake,0.9235648541,0.9668817036,0.2,7,reviewed,tx,tx
2021-12-20T12:43:26.003Z,31.65277523,-104.2265193,7.725463867,2.9,ml,23,65,0.03776701837,0.2,tx,tx2021yvxt,2021-12-20T16:58:49.059Z,"55 km NW of Toyah, Texas",earthquake,0.9676862028,1.015206547,0.2,8,reviewed,tx,tx
2021-12-20T11:11:05.625Z,-16.3057,-175.4485,296.8,4.4,mb,,129,4.267,0.45,us,us6000gdt2,2021-12-20T12:24:00.040Z,"180 km WSW of Hihifo, Tonga",earthquake,10.2,8.4,0.083,41,reviewed,us,us
2021-12-20T10:21:13.180Z,19.2156666666667,-155.424333333333,33.68,2.79,ml,49,136,,0.11,hv,hv72840817,2021-12-20T21:34:07.490Z,"5 km ENE of Pāhala, Hawaii",earthquake,0.41,0.5,0.141356639471586,28,reviewed,hv,hv
2021-12-20T09:50:20.737Z,43.5539,132.4052,491.41,4.1,mb,,53,0.712,0.55,us,us6000gdst,2021-12-20T13:47:24.040Z,"10 km NNW of Mnogoudobnoye, Russia",earthquake,10.7,9.8,0.101,27,reviewed,us,us
2021-12-20T09:42:45.873Z,67.3264,-156.1398,0,2.9,ml,,,,0.77,ak,ak021g9luv7d,2021-12-20T13:41:45.040Z,"56 km NE of Kobuk, Alaska",earthquake,,0.4,,,automatic,ak,ak
2021-12-20T09:29:50.516Z,31.20317261,-103.3146556,5.745947266,2.5,ml,23,53,0.04202491051,0.3,tx,tx2021yvrj,2021-12-20T22:44:16.632Z,"24 km W of Coyanosa, Texas",earthquake,1.079681909,1.274703347,0.2,13,reviewed,tx,tx
2021-12-20T09:12:46.494Z,-21.5542,-66.9931,242.45,4.2,mb,,82,1.772,1.07,us,us6000gdsi,2021-12-20T13:23:19.040Z,"105 km SW of Atocha, Bolivia",earthquake,7.1,14.4,0.264,5,reviewed,us,us
2021-12-20T08:43:02.390Z,33.9515,-97.299,12.38,2.53,ml,71,73,0.1070789874,0.37,ok,ok2021yvpv,2021-12-20T17:04:34.278Z,"14 km ENE of Leon, Oklahoma",earthquake,,1.3,0.17,8,reviewed,ok,ok
2021-12-20T08:35:26.773Z,31.64959138,-104.2200384,7.725463867,3,ml,24,65,0.04414744927,0.3,tx,tx2021yvpp,2021-12-20T16:43:15.115Z,"54 km NW of Toyah, Texas",earthquake,0.8589245665000002,0.892378052,0.2,17,reviewed,tx,tx
2021-12-20T07:51:33.683Z,-2.7949,-79.9396,66.59,4.1,mb,,161,2.507,0.89,us,us6000ge1w,2021-12-21T03:03:57.819Z,"18 km NW of Baláo, Ecuador",earthquake,11.7,9.7,0.131,16,reviewed,us,us
2021-12-20T07:48:54.019Z,67.283,-156.2024,0,2.7,ml,,,,0.89,ak,ak021g9kpe6d,2021-12-20T18:36:31.290Z,"51 km NE of Kobuk, Alaska",earthquake,,0,,,reviewed,ak,ak
2021-12-20T07:11:29.270Z,18.014,-66.8355,16,2.58,md,16,126,0.0585,0.18,pr,pr2021354001,2021-12-20T07:30:43.965Z,"2 km SSE of Yauco, Puerto Rico",earthquake,0.44,0.45,0.18,7,reviewed,pr,pr
2021-12-20T06:38:04.620Z,18.8193,-64.5415,27,3.79,md,17,331,0.9006,0.23,pr,pr2021354000,2021-12-20T10:37:39.040Z,"60 km NNE of Cruz Bay, U.S. Virgin Islands",earthquake,2.2,14.78,0.1,8,reviewed,pr,pr
2021-12-20T06:24:35.110Z,19.2128333333333,-155.420166666667,32.79,2.91,ml,49,140,,0.11,hv,hv72840672,2021-12-20T21:24:08.730Z,"6 km E of Pāhala, Hawaii",earthquake,0.39,0.47,0.14748536333505,30,reviewed,hv,hv
2021-12-20T05:56:03.780Z,37.433,-112.9693333,1.77,2.5,ml,12,147,0.1461,0.13,uu,uu60029654,2021-12-21T16:04:11.790Z,"22 km ESE of Kanarraville, Utah",earthquake,0.48,9.91,0.116,13,reviewed,uu,uu
2021-12-20T05:05:57.250Z,18.7751666666667,-155.249333333333,5.58,2.77,ml,41,274,,0.15,hv,hv72840622,2021-12-20T21:14:45.960Z,"47 km SE of Naalehu, Hawaii",earthquake,0.59,0.52,0.152263796920738,14,reviewed,hv,hv
2021-12-20T04:43:27.120Z,39.9073333,-113.337,4.61,2.8,ml,14,108,0.1893,0.17,uu,uu60472632,2021-12-20T14:15:37.750Z,"61 km SW of Dugway, Utah",earthquake,0.7,0.66,0.126,17,reviewed,uu,uu
2021-12-20T04:23:52.940Z,39.894,-113.3196667,7.62,2.71,ml,17,103,0.18,0.11,uu,uu60472622,2021-12-20T14:17:43.620Z,"61 km SW of Dugway, Utah",earthquake,0.47,0.41,0.118,14,reviewed,uu,uu
2021-12-20T04:20:40.804Z,6.8257,-72.9727,149.92,4.6,mb,,93,0.933,0.71,us,us6000gdr7,2021-12-20T17:23:39.315Z,"northern Colombia",earthquake,8.8,7.6,0.082,44,reviewed,us,us
2021-12-20T03:58:40.069Z,13.7319,-92.4545,10,4.5,mb,,188,2.553,1.33,us,us6000gdqy,2021-12-20T04:16:46.040Z,"85 km SW of Champerico, Guatemala",earthquake,9.8,2,0.055,97,reviewed,us,us
2021-12-20T03:39:34.167Z,-56.8533,-24.0922,10,6,mww,,33,7.484,0.79,us,us6000gdqc,2021-12-21T03:41:17.885Z,"South Sandwich Islands region",earthquake,5.6,1.8,0.073,18,reviewed,us,us
2021-12-20T03:02:34.669Z,61.6534,-150.9757,51.2,3.1,ml,,,,0.62,ak,ak021g9i1noh,2021-12-21T03:05:43.096Z,"27 km WNW of Susitna, Alaska",earthquake,,0.7,,,automatic,ak,ak
2021-12-20T02:12:08.012Z,-8.4036,118.311,148.94,4.4,mb,,98,3.658,0.74,us,us6000gdpt,2021-12-20T02:38:56.040Z,"22 km NW of Dompu, Indonesia",earthquake,9.1,6.2,0.162,11,reviewed,us,us
2021-12-20T02:08:34.004Z,61.9275,-152.0965,110.4,3,ml,,,,0.53,ak,ak021g9hhib7,2021-12-20T02:22:37.527Z,"37 km W of Skwentna, Alaska",earthquake,,0.6,,,automatic,ak,ak
2021-12-20T01:36:25.184Z,-5.3659,146.8427,231.78,5.3,mb,,49,5.429,0.72,us,us6000gdpm,2021-12-20T04:29:35.592Z,"118 km E of Madang, Papua New Guinea",earthquake,8.2,8.7,0.109,28,reviewed,us,us
2021-12-20T01:26:33.983Z,-28.9501,-70.6817,108.32,4.4,mb,,128,0.062,0.54,us,us6000gdpk,2021-12-20T01:38:25.040Z,"42 km S of Vallenar, Chile",earthquake,4.2,9.7,0.268,4,reviewed,us,us
2021-12-20T01:03:44.675Z,31.1116,142.3605,10,4.3,mb,,137,6.132,0.53,us,us6000gdpl,2021-12-20T01:48:51.040Z,"Izu Islands, Japan region",earthquake,9.1,1.9,0.169,10,reviewed,us,us
2021-12-19T23:18:06.530Z,55.1515,-156.7068,84.9,3.8,ml,,,,0.35,ak,ak021g86ick9,2021-12-20T00:21:01.399Z,"166 km SE of Chignik, Alaska",earthquake,,6.5,,,reviewed,ak,ak
2021-12-19T22:05:38.597Z,31.65210388,-104.2230163,8.008251953,2.5,ml,20,84,0.0407007974,0.3,tx,tx2021yuuu,2021-12-21T04:17:08.040Z,"55 km NW of Toyah, Texas",earthquake,0.9951035826,0.9630764588000001,0.2,11,reviewed,tx,tx
2021-12-19T21:55:38.490Z,18.806,-64.9515,59,3.43,md,9,317,0.5984,0.49,pr,pr2021353006,2021-12-19T22:12:52.753Z,"51 km N of Charlotte Amalie, U.S. Virgin Islands",earthquake,6.43,8.05,0.11,7,reviewed,pr,pr
2021-12-19T21:35:39.108Z,-22.0512,-70.3384,36.34,4.8,mb,,132,0.543,0.41,us,us6000gdnk,2021-12-21T04:01:45.526Z,"15 km WNW of Tocopilla, Chile",earthquake,3.8,6,0.044,159,reviewed,us,us
2021-12-19T21:06:15.005Z,19.5597,101.3107,10,5.5,mww,,22,1.105,0.7,us,us6000gdng,2021-12-21T03:35:08.331Z,"53 km NW of Sainyabuli, Laos",earthquake,2.6,1.7,0.044,50,reviewed,us,us
2021-12-19T18:26:07.034Z,55.332,-157.7719,0,2.9,ml,,,,0.8,ak,ak021g83kwd7,2021-12-19T21:16:57.040Z,"107 km SE of Perryville, Alaska",earthquake,,0.4,,,automatic,ak,ak
2021-12-19T17:44:48.433Z,67.4044,-156.3981,17.9,3.1,ml,,,,0.69,ak,ak021g833esy,2021-12-19T21:06:07.040Z,"59 km NNE of Kobuk, Alaska",earthquake,,0.8,,,automatic,ak,ak
2021-12-19T16:45:52.750Z,60.2707,-152.5373,93.8,2.6,ml,,,,0.5,ak,ak021g82i77u,2021-12-19T17:15:21.040Z,"54 km WNW of Ninilchik, Alaska",earthquake,,0.3,,,automatic,ak,ak
2021-12-19T16:28:22.712Z,-16.2662,178.5788,10,6.2,mww,,45,1.554,0.65,us,us6000gdma,2021-12-22T20:06:57.496Z,"85 km WNW of Labasa, Fiji",earthquake,7.3,1.5,0.041,57,reviewed,us,us
2021-12-19T16:11:47.849Z,-11.4901,162.7061,5.03,4.6,mb,,105,3.393,0.67,us,us6000geln,2021-12-22T19:55:06.040Z,"143 km SE of Kirakira, Solomon Islands",earthquake,9.7,4.7,0.113,26,reviewed,us,us
2021-12-19T15:49:54.974Z,-8.2921,116.3775,11.86,4.6,mb,,99,2.209,0.95,us,us6000gelm,2021-12-22T19:37:52.040Z,"32 km ENE of Pemenang, Indonesia",earthquake,7.8,5.5,0.151,16,reviewed,us,us
2021-12-19T15:32:39.958Z,65.3158,-163.1315,10,3.4,ml,,129,1.054,0.45,us,us6000gdm4,2021-12-19T15:58:19.040Z,"71 km N of White Mountain, Alaska",earthquake,4.2,2,0.057,41,reviewed,us,us
2021-12-19T15:08:19.633Z,66.3652,-149.8543,8.4,3,ml,,,,0.62,ak,ak021g81ornv,2021-12-19T15:50:22.040Z,"52 km NW of Stevens Village, Alaska",earthquake,,0.5,,,automatic,ak,ak
2021-12-19T14:35:51.788Z,-58.4827,-25.199,35.16,4.6,mb,,118,16.075,0.48,us,us6000gelk,2021-12-22T18:03:43.040Z,"South Sandwich Islands region",earthquake,15.6,6.7,0.157,14,reviewed,us,us
2021-12-19T14:34:55.450Z,4.5616,96.2559,10,4.6,mb,,123,3.244,0.6,us,us6000gdls,2021-12-22T17:54:52.040Z,"48 km NNE of Meulaboh, Indonesia",earthquake,8.2,1.9,0.107,29,reviewed,us,us
2021-12-19T14:15:24.470Z,19.2136666666667,-155.416833333333,33.21,2.76,ml,51,142,,0.11,hv,hv72839947,2021-12-22T17:52:11.040Z,"6 km E of Pāhala, Hawaii",earthquake,0.36,0.46,0.281529673632337,27,reviewed,hv,hv
2021-12-19T13:59:57.550Z,34.0755,-117.8263333,11.86,2.45,ml,143,13,0.0228,0.21,ci,ci40131168,2021-12-22T17:50:50.040Z,"4km SSE of Charter Oak, CA",earthquake,0.12,0.3,0.154,172,reviewed,ci,ci
2021-12-19T13:21:16.336Z,48.3029,153.9387,97.77,4.2,mb,,136,5.371,0.59,us,us6000gelj,2021-12-22T17:28:46.040Z,"Kuril Islands",earthquake,10.6,7.8,0.121,19,reviewed,us,us
2021-12-19T12:40:03.667Z,-19.1909,169.6915,36.51,4.9,mb,,82,3.999,0.83,us,us6000gdle,2021-12-22T09:24:40.142Z,"57 km NE of Isangel, Vanuatu",earthquake,8.1,7.7,0.087,41,reviewed,us,us
2021-12-19T12:32:47.780Z,17.9971,-66.826,16,2.9,md,26,136,0.0576,0.12,pr,pr2021353005,2021-12-19T13:39:34.426Z,"0 km WNW of Indios, Puerto Rico",earthquake,0.26,0.35,0.17,24,reviewed,pr,pr
2021-12-19T11:17:24.546Z,-21.7709,-68.776,137.86,4.5,mb,,63,0.981,0.69,us,us6000gdl2,2021-12-19T11:26:02.040Z,"77 km NNE of Calama, Chile",earthquake,7.1,9.9,0.131,17,reviewed,us,us
2021-12-19T11:16:43.433Z,-6.806,129.6734,175.81,4.6,mb,,92,1.991,0.67,us,us6000gdl3,2021-12-19T11:33:36.040Z,"Banda Sea",earthquake,6.9,8.1,0.085,41,reviewed,us,us
2021-12-19T11:03:52.270Z,17.9433,-65.3881,7,3.06,md,7,269,0.2252,0.21,pr,pr2021353004,2021-12-19T15:12:58.097Z,"19 km SSE of Esperanza, Puerto Rico",earthquake,1.61,1.82,0.01,3,reviewed,pr,pr
2021-12-19T10:27:35.930Z,30.0189,-113.7678,10,4.8,mb,,111,1.38,0.71,us,us6000gdks,2021-12-19T16:42:40.575Z,"104 km W of La Libertad, Mexico",earthquake,6.9,1.8,0.036,242,reviewed,us,us
2021-12-19T10:23:02.491Z,-20.7923,-67.5162,211.52,4.5,mb,,72,1.666,0.49,us,us6000gdkr,2021-12-19T11:18:31.040Z,"80 km WSW of Uyuni, Bolivia",earthquake,9.6,9.3,0.157,12,reviewed,us,us
2021-12-19T08:36:35.460Z,17.9768,-66.8411,16,2.47,md,9,195,0.0381,0.11,pr,pr2021353003,2021-12-19T08:52:31.785Z,"2 km SW of Indios, Puerto Rico",earthquake,0.52,0.37,0.11,4,reviewed,pr,pr
2021-12-19T08:32:27.135Z,-4.6797,-77.5625,71.74,4.1,mb,,161,4.033,0.89,us,us6000gdk5,2021-12-19T08:55:19.040Z,"99 km W of Barranca, Peru",earthquake,10.5,12.3,0.145,13,reviewed,us,us
2021-12-19T08:09:27.596Z,-58.0056,-25.2266,35,5,mb,,83,7.311,1.01,us,us6000gdjy,2021-12-19T08:33:40.040Z,"South Sandwich Islands region",earthquake,11.6,2,0.063,82,reviewed,us,us
2021-12-19T07:44:45.200Z,36.1131667,-117.853,3.26,3.08,ml,40,43,0.004655,0.15,ci,ci40130936,2021-12-19T18:01:04.783Z,"11km NE of Coso Junction, CA",earthquake,0.14,0.29,0.164,98,reviewed,ci,ci
2021-12-19T06:27:09.279Z,15.4712,120.0186,80.8,4.6,mb,,109,7.376,0.4,us,us6000gdje,2021-12-19T17:16:34.649Z,"6 km ESE of San Lorenzo, Philippines",earthquake,7.3,7.1,0.098,31,reviewed,us,us
2021-12-19T06:07:16.188Z,65.3152,-163.075,10,3.1,ml,,128,1.031,0.44,us,us6000gdja,2021-12-19T07:21:52.040Z,"72 km NNE of White Mountain, Alaska",earthquake,4.2,2,0.059,38,reviewed,us,us
2021-12-19T05:57:57.690Z,47.4628,152.1143,121.81,4.4,mb,,131,6.393,0.55,us,us6000gdj8,2021-12-19T06:44:57.040Z,"Kuril Islands",earthquake,11.6,8.1,0.093,36,reviewed,us,us
2021-12-19T05:29:56.784Z,-27.1985,-71.5925,10,4.3,mb,,165,0.656,0.71,us,us6000gdiy,2021-12-19T05:59:27.040Z,"Near the coast of Atacama, Chile",earthquake,5.2,1.8,0.169,11,reviewed,us,us
2021-12-19T04:50:43.770Z,19.212,-155.4195,33.01,2.69,ml,37,142,,0.13,hv,hv72839607,2021-12-22T02:35:57.040Z,"6 km E of Pāhala, Hawaii",earthquake,0.54,0.72,0.214460160982109,15,reviewed,hv,hv
2021-12-19T04:24:20.324Z,34.951,-111.094,5,3,ml,,46,0.603,0.53,us,us6000gdiq,2021-12-20T15:13:47.581Z,"32 km WSW of Winslow West, Arizona",earthquake,2.4,2,0.035,106,reviewed,us,us
2021-12-19T04:09:24.478Z,-16.5899,-173.187,10,4.6,mb,,70,2.99,1.17,us,us6000gel6,2021-12-23T03:02:47.040Z,"95 km SE of Hihifo, Tonga",earthquake,8.1,1.8,0.141,17,reviewed,us,us
2021-12-19T03:19:45.761Z,13.6701,92.7602,10,5.3,mb,,82,6.215,0.88,us,us6000gdim,2021-12-19T04:11:24.040Z,"217 km N of Bamboo Flat, India",earthquake,7.8,1.8,0.041,196,reviewed,us,us
2021-12-19T02:25:52.710Z,17.9486,-66.9251,11,2.53,md,14,209,0.053,0.09,pr,pr2021353001,2021-12-19T02:37:37.115Z,"3 km SW of Guánica, Puerto Rico",earthquake,0.37,0.43,0.15,4,reviewed,pr,pr
2021-12-19T02:13:14.413Z,12.4393,144.1266,37.91,4.3,mb,,163,1.352,0.42,us,us6000gel5,2021-12-23T02:47:06.040Z,"108 km SSW of Merizo Village, Guam",earthquake,8.6,11.4,0.202,8,reviewed,us,us
2021-12-19T01:51:51.346Z,31.4761,142.1972,10,4.6,mb,,106,2.597,0.58,us,us6000gdic,2021-12-19T02:13:15.040Z,"Izu Islands, Japan region",earthquake,8.5,1.6,0.091,41,reviewed,us,us
2021-12-19T01:01:45.440Z,17.9386,-66.9253,10,2.61,md,15,206,0.0588,0.21,pr,pr2021353000,2021-12-19T01:35:25.220Z,"4 km SSW of Guánica, Puerto Rico",earthquake,0.59,0.52,0.3,11,reviewed,pr,pr
2021-12-19T00:17:22.932Z,58.435,-136.8105,6.8,2.5,ml,,,,1.03,ak,ak021g7st79h,2021-12-19T01:07:44.040Z,"38 km NW of Elfin Cove, Alaska",earthquake,,0.3,,,automatic,ak,ak
2021-12-18T23:54:27.108Z,38.9261,92.6149,10,5.5,mb,,36,10.834,0.63,us,us6000gdhy,2021-12-19T23:57:47.444Z,"northern Qinghai, China",earthquake,7.5,1.8,0.046,161,reviewed,us,us
2021-12-18T22:15:56.165Z,13.1974,-88.5958,102.36,4.1,mb,,152,0.378,0.61,us,us6000gdhq,2021-12-18T22:46:31.040Z,"10 km SSW of Puerto El Triunfo, El Salvador",earthquake,4.1,5.3,0.109,23,reviewed,us,us
2021-12-18T22:04:49.863Z,59.8655,-153.8121,165.7,4.5,ml,,,,0.46,ak,ak021g6iansc,2021-12-22T00:22:32.379Z,"18 km ENE of Pedro Bay, Alaska",earthquake,,0.5,,,reviewed,ak,ak
2021-12-18T21:12:15.870Z,44.69,-110.0016667,15.04,2.56,ml,26,106,0.07056,0.21,uu,uu60472537,2021-12-21T19:18:38.550Z,"35 km S of Silver Gate, Montana",earthquake,0.49,0.69,0.433,6,reviewed,uu,uu
2021-12-18T20:27:31.850Z,-7.9652,122.4235,10,4.7,mb,,70,0.691,0.6,us,us6000gdh2,2021-12-18T23:09:47.040Z,"76 km NNE of Maumere, Indonesia",earthquake,4.2,1.9,0.12,21,reviewed,us,us
2021-12-18T20:14:16.222Z,-21.4311,170.1337,10,5.1,mww,,88,2.756,0.83,us,us6000gdgp,2021-12-19T05:03:37.556Z,"227 km SSE of Isangel, Vanuatu",earthquake,6,1.6,0.069,20,reviewed,us,us
2021-12-18T20:05:44.468Z,-47.1,33.4549,10,6,mww,,49,12.642,0.66,us,us6000gdgn,2021-12-20T20:07:47.040Z,"Prince Edward Islands region",earthquake,10.1,1.9,0.098,10,reviewed,us,us
2021-12-18T20:02:49.475Z,23.007,121.3936,21.38,4,mb,,148,0.345,0.71,us,us6000gdgl,2021-12-19T00:24:12.040Z,"96 km E of Yujing, Taiwan",earthquake,4.1,6.3,0.212,6,reviewed,us,us
2021-12-18T19:16:20.020Z,34.0473333,-117.0453333,11.24,2.93,ml,72,26,0.05694,0.16,ci,ci40130624,2021-12-22T00:12:57.090Z,"2km N of Yucaipa, CA",earthquake,0.13,0.38,0.143,186,reviewed,ci,ci
2021-12-18T19:16:13.570Z,65.2956,-163.0095,1.3,3.4,ml,,,,0.78,ak,ak021g6gky07,2021-12-19T01:15:46.352Z,"70 km NNE of White Mountain, Alaska",earthquake,,0.9,,,reviewed,ak,ak
2021-12-18T19:11:24.540Z,19.3671666666667,-154.987833333333,7.39,2.58,ml,42,203,,0.19,hv,hv72839177,2021-12-20T22:46:39.127Z,"13 km SSW of Leilani Estates, Hawaii",earthquake,0.58,0.4,0.0952055189038252,22,reviewed,hv,hv
2021-12-18T19:06:09.331Z,-0.8379,131.4339,38.5,4.7,mb,,143,2.222,1.04,us,us6000gdgg,2021-12-18T19:49:41.040Z,"19 km ENE of Sorong, Indonesia",earthquake,8.4,6.3,0.084,47,reviewed,us,us
2021-12-18T18:47:11.514Z,-24.0245,-66.7746,188.19,4.4,mb,,89,1.673,1.16,us,us6000gdg3,2021-12-18T22:51:29.040Z,"51 km WNW of San Antonio de los Cobres, Argentina",earthquake,7.9,7.6,0.076,51,reviewed,us,us
2021-12-18T18:25:59.333Z,-0.6954,131.5224,10.65,5.2,mww,,58,2.325,0.68,us,us6000gdfv,2021-12-18T19:50:03.040Z,"35 km NE of Sorong, Indonesia",earthquake,7.8,3.3,0.098,10,reviewed,us,us
2021-12-18T17:48:44.412Z,13.8662,-91.9714,65.49,4.5,mb,,181,2.128,0.99,us,us6000gdfl,2021-12-18T22:16:37.040Z,"47 km S of Champerico, Guatemala",earthquake,8.3,9.9,0.038,214,reviewed,us,us
2021-12-18T17:46:36.613Z,58.1963,-151.2849,36.4,2.5,ml,,,,0.66,ak,ak021g6fkgtv,2021-12-18T21:41:30.040Z,"78 km ENE of Ouzinkie, Alaska",earthquake,,8.9,,,automatic,ak,ak
2021-12-18T17:24:26.425Z,9.9423,-86.0633,16.16,4.3,mb,,209,0.632,0.76,us,us6000gdf7,2021-12-18T20:47:36.040Z,"59 km W of Sámara, Costa Rica",earthquake,2.5,5.5,0.081,46,reviewed,us,us
2021-12-18T17:13:59.670Z,17.9465,-67.0848,12,2.48,md,9,258,0.0466,0.12,pr,pr2021352003,2021-12-18T17:28:33.646Z,"Puerto Rico region",earthquake,0.7,0.25,0.05,6,reviewed,pr,pr
2021-12-18T16:49:47.846Z,-20.5924,-175.0152,99.1,4.7,mb,,86,7.137,0.71,us,us6000gdf2,2021-12-18T18:28:53.040Z,"60 km N of Kolonga, Tonga",earthquake,11.1,8.1,0.048,132,reviewed,us,us
2021-12-18T15:21:37.639Z,38.6884,-97.5327,5,2.7,mb_lg,,93,0.725,0.55,us,us6000gder,2021-12-19T18:44:38.144Z,"6 km E of Assaria, Kansas",earthquake,2.5,2,0.074,47,reviewed,us,us
2021-12-18T14:53:14.252Z,67.9618,-150.1522,0,3,ml,,,,0.64,ak,ak021g6dtmci,2021-12-18T17:48:51.040Z,"61 km N of Wiseman, Alaska",earthquake,,0.4,,,automatic,ak,ak
2021-12-18T14:12:58.070Z,17.9463,-66.878,13,3.04,md,19,179,0.0288,0.13,pr,pr2021352002,2021-12-18T14:34:22.962Z,"3 km SSE of Maria Antonia, Puerto Rico",earthquake,0.48,0.29,0.09,9,reviewed,pr,pr
2021-12-18T13:39:28.793Z,-3.2002,68.3705,10,4.9,mb,,82,5.9,1.15,us,us6000gde7,2021-12-18T14:18:32.040Z,"Chagos Archipelago region",earthquake,8.6,1.9,0.088,45,reviewed,us,us
2021-12-18T10:38:17.070Z,19.3358,-64.94,40,4.04,md,15,317,1.0838,0.23,pr,pr2021352001,2021-12-18T11:30:52.163Z,"110 km N of Charlotte Amalie, U.S. Virgin Islands",earthquake,3.09,14.41,0.1,10,reviewed,pr,pr
2021-12-18T10:34:47.055Z,45.6694,9.5249,31.99,4.5,mb,,64,0.703,0.6,us,us6000gdds,2021-12-20T21:52:14.635Z,"0 km NW of Chignolo d'Isola, Italy",earthquake,5.1,7,0.222,6,reviewed,us,us
2021-12-18T09:22:26.850Z,56.2168333333333,-159.33,5.62,2.48,md,6,82,,0.11,av,av91446421,2021-12-21T06:39:42.640Z,"35 km W of Chignik Lake, Alaska",earthquake,0.47,1.57,0.11461741342381,5,reviewed,av,av
2021-12-18T08:50:59.653Z,79.0439,2.1891,10,4.7,mb,,93,2.941,0.59,us,us6000gddg,2021-12-18T09:08:25.040Z,"Greenland Sea",earthquake,10,1.9,0.054,102,reviewed,us,us
2021-12-18T08:32:41.346Z,29.8372,-113.8398,27.14,4.6,mb,,191,1.481,1.03,us,us6000gddc,2021-12-18T08:50:43.040Z,"111 km W of La Libertad, Mexico",earthquake,7.8,7.1,0.069,62,reviewed,us,us
2021-12-18T06:41:06.004Z,-7.4595,128.4392,165.94,4.8,mb,,60,2.881,0.62,us,us6000gdcw,2021-12-18T07:00:46.040Z,"197 km NE of Lospalos, Timor Leste",earthquake,6.6,8,0.101,30,reviewed,us,us
2021-12-18T06:12:14.671Z,12.7517,-88.641,51.94,4.5,mb,,149,0.777,0.63,us,us6000gdcs,2021-12-18T06:48:21.040Z,"59 km S of Puerto El Triunfo, El Salvador",earthquake,5.4,7.5,0.052,108,reviewed,us,us
2021-12-18T05:42:43.911Z,40.1529,70.0303,10,4.7,mb,,88,0.611,0.58,us,us6000gdcd,2021-12-18T13:37:33.739Z,"29 km ESE of Buston, Tajikistan",earthquake,4.8,1.9,0.096,34,reviewed,us,us
2021-12-18T05:16:39.630Z,36.074,23.2412,62.42,5.1,mb,,57,1.528,0.89,us,us6000gdc8,2021-12-18T10:36:36.812Z,"24 km ESE of Kýthira, Greece",earthquake,2.6,6.2,0.048,144,reviewed,us,us
2021-12-18T04:41:21.250Z,18.3578,-66.1993,121,3.65,md,25,162,0.2535,0.15,pr,pr2021352000,2021-12-19T04:43:18.115Z,"2 km ESE of Pájaros, Puerto Rico",earthquake,1.32,0.6,0.11,16,reviewed,pr,pr
2021-12-18T04:12:35.512Z,28.98834229,-98.04147518,2.029744466,2.7,ml,20,45,0.0676258632,0.2,tx,tx2021yrpx,2021-12-20T16:49:33.014Z,"2 km WNW of Falls City, Texas",earthquake,1.239586442,1.880986834,0.2,13,reviewed,tx,tx
2021-12-18T03:38:37.450Z,19.2113333333333,-155.418,33.09,2.98,ml,47,143,,0.12,hv,hv72838177,2021-12-19T03:40:30.094Z,"6 km E of Pāhala, Hawaii",earthquake,0.39,0.5,0.169449089247229,32,reviewed,hv,hv
2021-12-18T02:56:05.335Z,32.84454346,-100.9402391,6.138142904,2.9,ml,15,81,0.03162621832,0.2,tx,tx2021yrnj,2021-12-20T16:32:06.811Z,"14 km N of Snyder, Texas",earthquake,0.7844735619999998,1.044710353,0.2,7,reviewed,tx,tx
2021-12-18T02:43:20.180Z,19.206,-155.428333333333,34.69,3.08,ml,50,139,,0.11,hv,hv72838047,2021-12-19T02:44:53.395Z,"5 km E of Pāhala, Hawaii",earthquake,0.4,0.47,0.138903548094842,35,reviewed,hv,hv
2021-12-18T02:41:28.725Z,30.3828,-113.7566,10,4.5,mb,,224,1.146,1.43,us,us6000gdb9,2021-12-18T03:16:36.040Z,"105 km SSW of Puerto Peñasco, Mexico",earthquake,8.5,2,0.099,30,reviewed,us,us
2021-12-18T02:14:58.062Z,51.7888,179.0118,132.42,4,mb,,201,0.32,0.68,us,us6000gekx,2021-12-23T02:26:38.040Z,"Rat Islands, Aleutian Islands, Alaska",earthquake,11.9,5.2,0.173,10,reviewed,us,us
2021-12-18T02:10:42.173Z,-7.2671,121.1866,10,4.8,mb,,96,1.712,0.73,us,us6000gdb3,2021-12-18T02:26:31.040Z,"168 km NNE of Ruteng, Indonesia",earthquake,4.1,1.9,0.185,11,reviewed,us,us
2021-12-18T01:26:38.328Z,-23.5883,-179.5985,524.77,4.2,mb,,122,6.215,0.82,us,us6000gejm,2021-12-23T02:08:03.040Z,"south of the Fiji Islands",earthquake,13.8,8.1,0.147,15,reviewed,us,us
2021-12-18T01:23:57.906Z,38.6615,-97.4661,5,2.6,mb_lg,,100,0.731,0.4,us,us6000gdai,2021-12-18T04:11:33.982Z,"5 km SW of Gypsum, Kansas",earthquake,1.9,2,0.08,41,reviewed,us,us
2021-12-18T01:12:29.448Z,-21.8087,-174.4569,10,5.1,mb,,76,8.053,1.21,us,us6000gdah,2021-12-18T01:34:06.040Z,"73 km SE of ‘Ohonua, Tonga",earthquake,11.2,1.7,0.041,199,reviewed,us,us
2021-12-18T00:58:38.464Z,-58.9707,-25.5221,53.5,4.9,mb,,86,9.821,0.81,us,us6000gdad,2021-12-18T01:38:40.040Z,"South Sandwich Islands region",earthquake,9,6.7,0.099,36,reviewed,us,us
2021-12-18T00:58:01.235Z,56.5144,-148.5851,10,3,ml,,211,2.522,0.44,us,us6000gdaa,2021-12-18T04:54:59.040Z,"255 km ESE of Chiniak, Alaska",earthquake,9.3,2,0.045,64,reviewed,us,us
2021-12-18T00:40:27.370Z,66.7247,-147.2634,16.7,2.6,ml,,,,0.75,ak,ak021g65espv,2021-12-18T05:15:17.040Z,"41 km N of Beaver, Alaska",earthquake,,0.4,,,automatic,ak,ak
2021-12-18T00:29:30.330Z,28.4208,87.6768,68.65,4,mb,,113,0.891,0.59,us,us6000gda6,2021-12-18T00:53:44.040Z,"99 km ENE of Lobujya, Nepal",earthquake,10.5,12.4,0.129,16,reviewed,us,us
2021-12-18T00:25:43.380Z,19.2065,-155.405,32.94,3.3,ml,52,154,,0.12,hv,hv72837852,2021-12-19T00:27:14.453Z,"7 km E of Pāhala, Hawaii",earthquake,0.41,0.49,0.172373725485051,30,reviewed,hv,hv
2021-12-18T00:24:14.510Z,19.4886666666667,-155.458333333333,0.84,2.82,ml,44,45,,0.13,hv,hv72837847,2021-12-18T19:55:52.757Z,"24 km WNW of Volcano, Hawaii",earthquake,0.21,0.56,0.210998519122469,35,reviewed,hv,hv
2021-12-17T23:54:38.310Z,19.1735,-155.472833333333,34.29,3.08,ml,49,80,,0.1,hv,hv72837787,2021-12-18T01:37:01.460Z,"3 km S of Pāhala, Hawaii",earthquake,0.44,0.51,0.165805212775206,36,reviewed,hv,hv
2021-12-17T23:39:44.170Z,37.3066,71.8843,175.05,4.1,mb,,78,1.059,0.77,us,us6000gd9t,2021-12-17T23:54:59.040Z,"35 km SE of Khorugh, Tajikistan",earthquake,5.7,12.9,0.302,3,reviewed,us,us
2021-12-17T23:28:02.285Z,37.8051,20.9903,10,4.4,mb,,68,0.971,1.18,us,us6000gd9p,2021-12-17T23:47:24.040Z,"8 km ENE of Zakynthos, Greece",earthquake,4.6,1.9,0.093,33,reviewed,us,us
2021-12-17T22:20:22.760Z,19.2168333333333,-155.416833333333,32.89,2.7,ml,50,141,,0.12,hv,hv72837682,2021-12-18T01:53:28.490Z,"6 km ENE of Pāhala, Hawaii",earthquake,0.41,0.51,0.218710015570993,23,reviewed,hv,hv
2021-12-17T21:29:29.340Z,30.4775,-114.737,5.96,3.45,mlr,5,271,0.5669,0.11,ci,ci40129800,2021-12-17T23:06:38.872Z,"192km S of Estacion Coahuila, B.C., MX",earthquake,1.06,31.61,0.197,66,reviewed,ci,ci
2021-12-17T20:32:57.374Z,38.6645,-97.5001,5,2.5,mb_lg,,98,0.718,0.41,us,us6000gd8i,2021-12-18T12:38:32.679Z,"7 km SW of Gypsum, Kansas",earthquake,3.9,2,0.161,10,reviewed,us,us
2021-12-17T20:17:10.686Z,44.275,-115.0078,19.39,3,ml,,54,0.831,1.18,us,us6000gd87,2021-12-20T16:52:49.701Z,"8 km NW of Stanley, Idaho",earthquake,1.9,8.4,0.032,132,reviewed,us,us
2021-12-17T20:02:29.892Z,-17.9417,-178.5172,572.14,5.7,mww,,37,7.618,1,us,us6000gd7w,2021-12-18T20:05:40.986Z,"229 km E of Levuka, Fiji",earthquake,9.7,3.7,0.071,19,reviewed,us,us
2021-12-17T19:50:06.368Z,60.7709,-150.6911,18.8,2.6,ml,,,,0.73,ak,ak021g4t8s6v,2021-12-18T15:23:59.040Z,"16 km S of Point Possession, Alaska",earthquake,,0.5,,,automatic,ak,ak
2021-12-17T19:48:11.091Z,-28.7741,-178.0326,179.16,4.6,mb,,77,0.496,1.26,us,us6000gd8c,2021-12-17T20:38:26.040Z,"Kermadec Islands region",earthquake,12.9,5.1,0.081,50,reviewed,us,us
2021-12-17T19:33:21.617Z,44.3931,-115.1684,7.49,2.8,ml,,41,0.913,0.97,us,us6000gd7c,2021-12-17T23:07:59.999Z,"26 km NW of Stanley, Idaho",earthquake,2.1,5.9,0.032,130,reviewed,us,us
2021-12-17T18:49:47.090Z,19.1721666666667,-155.468833333333,34.14,3.09,ml,52,89,,0.11,hv,hv72837462,2021-12-18T18:51:27.982Z,"3 km SSE of Pāhala, Hawaii",earthquake,0.42,0.5,0.19545664283336,36,reviewed,hv,hv
2021-12-17T18:27:10.910Z,19.2215,-155.418333333333,32.59,3.48,ml,54,137,,0.12,hv,hv72837427,2021-12-21T04:46:22.023Z,"Island of Hawaii, Hawaii",earthquake,0.45,0.52,0.156100037278785,37,reviewed,hv,hv
2021-12-17T17:16:14.086Z,-56.5589,-27.9044,96.6,4.7,mb,,146,5.394,0.62,us,us6000gd6s,2021-12-17T19:59:56.040Z,"South Sandwich Islands region",earthquake,13,6.8,0.126,22,reviewed,us,us
2021-12-17T17:04:07.130Z,18.7218333333333,-155.260666666667,5.46,2.47,md,45,281,,0.16,hv,hv72837342,2021-12-17T22:13:58.050Z,"50 km SE of Naalehu, Hawaii",earthquake,0.63,0.73,0.0952894873026162,16,reviewed,hv,hv
2021-12-17T14:28:55.824Z,12.8183,123.5095,10,4.9,mb,,127,6.065,0.65,us,us6000gd3g,2021-12-18T04:24:52.307Z,"13 km SW of Donsol, Philippines",earthquake,8.8,1.8,0.074,57,reviewed,us,us
2021-12-17T14:23:43.914Z,38.6576,-97.4465,1.75,3.3,mb_lg,,101,0.737,0.21,us,us6000gd38,2021-12-18T01:34:58.303Z,"5 km SSW of Gypsum, Kansas",earthquake,2.6,7.8,0.041,157,reviewed,us,us
2021-12-17T14:17:40.570Z,19.2026666666667,-155.407666666667,34.59,3.46,ml,52,156,,0.12,hv,hv72837127,2021-12-18T14:19:30.629Z,"7 km E of Pāhala, Hawaii",earthquake,0.42,0.5,0.223423261521905,36,reviewed,hv,hv
2021-12-17T13:58:34.128Z,16.9431,-85.3807,10,4.9,mb,,47,3.261,0.65,us,us6000gd33,2021-12-18T04:12:53.112Z,"74 km NE of Savannah Bight, Honduras",earthquake,6.9,1.9,0.029,379,reviewed,us,us
2021-12-17T13:08:38.740Z,33.2751667,-116.2573333,5.35,2.53,ml,95,21,0.0823,0.19,ci,ci40129448,2021-12-18T05:32:06.040Z,"11km E of Borrego Springs, CA",earthquake,0.13,0.48,0.15,25,reviewed,ci,ci
2021-12-17T12:17:22.170Z,31.6793333,-115.0685,5.84,3.2,ml,17,119,0.3921,0.26,ci,ci40129416,2021-12-18T12:19:18.470Z,"58km S of Estacion Coahuila, B.C., MX",earthquake,0.35,31.61,0.175,74,reviewed,ci,ci
2021-12-17T12:13:51.663Z,48.8993,-123.35,17.29,3.6,ml,,54,0.117,0.74,us,us6000gd2p,2021-12-22T02:31:54.374Z,"12 km ENE of Ganges, Canada",earthquake,1.8,4.8,0.034,113,reviewed,us,us
2021-12-17T11:01:46.521Z,61.0017,-149.5626,25.1,3.5,ml,,,,0.51,ak,ak021g4o6w7q,2021-12-22T01:07:00.830Z,"10 km NNE of Hope, Alaska",earthquake,,0.4,,,reviewed,ak,ak
2021-12-17T10:59:06.380Z,18.9551,-67.1046,5,3.3,md,13,228,0.4876,0.38,pr,pr2021351003,2021-12-17T11:26:54.433Z,"50 km N of Isabela, Puerto Rico",earthquake,1.09,1.78,0.1,8,reviewed,pr,pr
2021-12-17T10:53:47.895Z,51.6827,178.1095,10,4.4,mb,,210,0.396,0.74,us,us6000gd2b,2021-12-17T20:06:05.520Z,"Rat Islands, Aleutian Islands, Alaska",earthquake,5.8,1.9,0.051,110,reviewed,us,us
2021-12-17T10:36:29.459Z,51.322,-172.0698,10,3.1,ml,,221,1.58,0.44,us,us6000gd7m,2021-12-21T10:08:37.040Z,"176 km SE of Atka, Alaska",earthquake,4.9,1.9,0.105,12,reviewed,us,us
2021-12-17T10:33:40.730Z,54.6885,-164.1684,10,3.2,ml,,154,0.378,0.5,us,us6000gd28,2021-12-17T16:34:53.040Z,"52 km WSW of False Pass, Alaska",earthquake,3.2,1.9,0.091,16,reviewed,us,us
2021-12-17T09:28:33.396Z,40.5142,34.1749,10,4.2,mb,,43,0.64,0.61,us,us6000gd24,2021-12-17T16:54:57.040Z,"24 km NE of Kızılırmak, Turkey",earthquake,4.8,1.9,0.121,19,reviewed,us,us
2021-12-17T08:40:00.968Z,31.4795,142.3738,10,4.7,mb,,136,2.712,0.45,us,us6000gd1z,2021-12-17T08:57:53.040Z,"Izu Islands, Japan region",earthquake,5.4,1.8,0.115,23,reviewed,us,us
2021-12-17T07:53:14.733Z,45.9422,-111.5516,1.67,3.1,ml,,66,0.349,0.63,us,us6000gd1p,2021-12-17T22:00:53.766Z,"5 km N of Three Forks, Montana",earthquake,1.2,2.3,0.046,62,reviewed,us,us
2021-12-17T07:34:57.416Z,-16.3435,-174.8574,285.01,4.6,mb,,129,3.831,0.45,us,us6000gd1k,2021-12-17T07:54:11.040Z,"121 km WSW of Hihifo, Tonga",earthquake,15.2,6.4,0.125,19,reviewed,us,us
2021-12-17T07:04:24.023Z,3.3079,121.9294,604.34,4.1,mb,,99,2.465,0.37,us,us6000gd1h,2021-12-17T07:43:37.040Z,"268 km SSE of Latung, Philippines",earthquake,13.8,8.4,0.114,21,reviewed,us,us
2021-12-17T06:54:40.328Z,43.4518,88.7696,29.59,4.7,mb,,89,5.672,0.77,us,us6000gd1d,2021-12-17T12:15:44.511Z,"65 km NNW of Turpan, China",earthquake,9,6.1,0.112,24,reviewed,us,us
2021-12-17T06:40:30.510Z,17.9935,-66.8331,16,2.65,md,25,138,0.0496,0.14,pr,pr2021351002,2021-12-17T08:45:06.040Z,"1 km W of Indios, Puerto Rico",earthquake,0.38,0.36,0.41,13,reviewed,pr,pr
2021-12-17T06:12:03.370Z,19.1573333333333,-155.489,37.08,2.68,ml,49,126,,0.13,hv,hv72836742,2021-12-17T23:16:42.180Z,"5 km SSW of Pāhala, Hawaii",earthquake,0.44,0.51,0.189900512118946,24,reviewed,hv,hv
2021-12-17T05:58:23.810Z,19.0595,-66.7866,31,3.63,md,26,212,0.6366,0.29,pr,pr2021351001,2021-12-17T08:39:12.040Z,"63 km N of Hatillo, Puerto Rico",earthquake,0.87,5.9,0.09,3,reviewed,pr,pr
2021-12-17T04:37:45.031Z,-20.4536,-69.8066,43.73,2.8,ml,,115,0.367,0.66,us,us6000gd0y,2021-12-17T07:57:20.019Z,"44 km SE of Iquique, Chile",earthquake,2.8,14.6,0.071,26,reviewed,us,us
2021-12-17T03:44:54.840Z,-4.9084,153.5576,79.42,4.6,mb,,122,1.561,0.74,us,us6000gd0q,2021-12-17T04:00:51.040Z,"156 km ESE of Kokopo, Papua New Guinea",earthquake,7.7,8.3,0.152,17,reviewed,us,us
2021-12-17T02:59:57.735Z,24.7237,-109.155,10,4.4,mb,,189,3.793,1.12,us,us6000gd0k,2021-12-17T03:28:39.040Z,"94 km SSW of El Huitusi, Mexico",earthquake,9,2,0.052,107,reviewed,us,us
2021-12-17T02:48:42.823Z,12.6192,48.052,10,4.2,mb,,142,5.205,0.49,us,us6000gehq,2021-12-23T01:53:28.040Z,"162 km N of Las Khorey, Somalia",earthquake,8.9,1.9,0.236,5,reviewed,us,us
2021-12-17T02:03:09.570Z,18.0311,-66.8088,15,2.88,md,17,115,0.09,0.13,pr,pr2021351000,2021-12-17T02:42:08.383Z,"2 km NW of Guayanilla, Puerto Rico",earthquake,0.33,0.44,0.18,5,reviewed,pr,pr
2021-12-17T01:51:54.223Z,34.4069,82.9394,57.49,4.3,mb,,90,7.232,0.61,us,us6000gehy,2021-12-23T00:56:40.040Z,"western Xizang",earthquake,11.9,5.5,0.168,12,reviewed,us,us
2021-12-17T01:35:00.788Z,12.5061,48.2733,10,4.6,mb,,101,5.396,0.69,us,us6000gd0b,2021-12-17T02:14:53.040Z,"149 km N of Las Khorey, Somalia",earthquake,11.3,1.9,0.122,22,reviewed,us,us
2021-12-17T00:52:21.380Z,-24.5245,-70.9744,35,4.1,mb,,139,0.529,0.51,us,us6000gczz,2021-12-18T23:49:11.040Z,"109 km NNW of Taltal, Chile",earthquake,4.6,2,0.174,9,reviewed,us,us
2021-12-17T00:18:42.010Z,38.6714,-97.4854,5,2.5,mb_lg,,98,0.73,0.39,us,us6000gczs,2021-12-18T23:41:31.123Z,"6 km SW of Gypsum, Kansas",earthquake,2.1,2,0.147,12,reviewed,us,us
2021-12-17T00:12:53.137Z,4.9237,-82.5786,10,5.1,mww,,72,3.846,0.62,us,us6000gczr,2021-12-18T23:34:39.040Z,"south of Panama",earthquake,7.5,1.8,0.045,48,reviewed,us,us
2021-12-16T23:38:35.560Z,19.2098333333333,-155.407,34.03,3.06,ml,51,151,,0.12,hv,hv72836277,2021-12-21T05:00:07.040Z,"7 km E of Pāhala, Hawaii",earthquake,0.43,0.51,0.136769754727178,35,reviewed,hv,hv
2021-12-16T23:29:21.485Z,-28.5283,-176.713,10,4.9,mb,,72,1.286,0.43,us,us6000gczh,2021-12-18T23:18:31.040Z,"Kermadec Islands region",earthquake,8.7,1.9,0.101,31,reviewed,us,us
2021-12-16T22:55:03.742Z,31.2654,142.3097,10,4.5,mb,,137,2.807,0.37,us,us6000gcze,2021-12-18T23:12:43.040Z,"Izu Islands, Japan region",earthquake,11.7,1.9,0.084,42,reviewed,us,us
2021-12-16T22:36:41.560Z,19.9018333333333,-156.7945,1.04,3.6,ml,58,192,,0.15,hv,hv72836222,2021-12-21T05:51:14.136Z,"87 km WNW of Kalaoa, Hawaii",earthquake,1.21,0.34,0.142532606561366,30,reviewed,hv,hv
2021-12-16T22:20:05.853Z,-40.6484,78.1406,10,5,mb,,81,2.882,0.52,us,us6000gd26,2021-12-18T22:55:56.040Z,"Mid-Indian Ridge",earthquake,5.8,1.8,0.107,28,reviewed,us,us
2021-12-16T21:28:29.597Z,-43.3596,-76.2961,10,4.6,mb,,155,2.86,0.85,us,us6000gcxd,2021-12-18T22:42:52.040Z,"219 km W of Quellón, Chile",earthquake,8.7,1.9,0.102,29,reviewed,us,us
2021-12-16T21:14:46.597Z,-60.1797,-23.8016,15,6,mww,,45,9.059,0.84,us,us6000gcxa,2021-12-18T22:50:10.102Z,"South Sandwich Islands region",earthquake,9.9,1.7,0.052,36,reviewed,us,us
2021-12-16T20:48:29.560Z,18.8126666666667,-155.268833333333,9.62,3.1,ml,51,267,,0.12,hv,hv72836042,2021-12-17T01:42:42.090Z,"43 km SE of Naalehu, Hawaii",earthquake,0.55,0.73,0.161479724725826,32,reviewed,hv,hv
2021-12-16T20:40:29.843Z,-40.5586,78.3722,10,5.2,mb,,54,2.828,0.73,us,us6000gcwv,2021-12-16T20:56:48.040Z,"Mid-Indian Ridge",earthquake,6.7,1.8,0.092,39,reviewed,us,us
2021-12-16T20:13:21.245Z,23.143,93.9283,70.74,4.5,mb,,80,3.727,0.57,us,us6000gcwh,2021-12-16T22:41:42.040Z,"36 km NE of Falam, Myanmar",earthquake,10.3,6.9,0.083,43,reviewed,us,us
2021-12-16T20:04:37.042Z,62.0629,-141.0917,5,2.6,ml,,104,0.472,0.73,us,us6000gcwg,2021-12-16T22:32:27.040Z,"68 km S of Alcan Border, Alaska",earthquake,1.4,1.9,0.041,78,reviewed,us,us
2021-12-16T19:07:56.350Z,18.7533333333333,-155.251,7.51,2.88,md,42,276,,0.15,hv,hv72835907,2021-12-17T03:50:59.390Z,"49 km SE of Naalehu, Hawaii",earthquake,0.69,0.74,0.114689468532358,17,reviewed,hv,hv
2021-12-16T18:57:55.222Z,56.7449,-153.1793,31.2,3.5,ml,,,,0.74,ak,ak021g355pyi,2021-12-17T11:19:02.979Z,"51 km S of Old Harbor, Alaska",earthquake,,0.9,,,reviewed,ak,ak
2021-12-16T17:42:40.189Z,32.84820557,-100.9402391,5.746866862,2.5,ml,13,80,0.02944977522,0.1,tx,tx2021yozq,2021-12-16T21:53:13.048Z,"14 km N of Snyder, Texas",earthquake,0.6012036388,0.9801068766999999,0.2,6,reviewed,tx,tx
2021-12-16T16:27:45.430Z,19.1891666666667,-155.4565,36.92,2.7,md,49,118,,0.11,hv,hv72835737,2021-12-17T04:28:31.070Z,"2 km ESE of Pāhala, Hawaii",earthquake,0.42,0.51,0.0917361783994792,19,reviewed,hv,hv
2021-12-16T16:19:07.221Z,-18.1187,-178.0725,520.34,4.4,mb,,50,7.354,1.37,us,us6000gctm,2021-12-16T20:29:37.040Z,"276 km E of Levuka, Fiji",earthquake,11.5,7.4,0.063,72,reviewed,us,us
2021-12-16T15:23:24.927Z,-21.95,-178.9247,549.63,4.4,mb,,118,5.058,1.04,us,us6000gcu1,2021-12-16T20:01:20.040Z,"Fiji region",earthquake,6.2,8.5,0.072,60,reviewed,us,us
2021-12-16T13:48:22.567Z,-21.9608,-68.7032,125.65,4.6,mb,,41,0.526,1.12,us,us6000gcrx,2021-12-17T17:36:04.040Z,"59 km NNE of Calama, Chile",earthquake,6.2,6.9,0.111,24,reviewed,us,us
2021-12-16T13:28:50.363Z,-20.7239,-69.22,115.42,4.5,mb,,54,0.404,0.59,us,us6000gcrw,2021-12-17T17:26:31.244Z,"112 km ESE of Iquique, Chile",earthquake,5,5.3,0.132,17,reviewed,us,us
2021-12-16T13:23:44.135Z,-8.3114,119.4916,173.39,4.4,mb,,89,2.735,1.16,us,us6000gcrv,2021-12-17T17:07:08.040Z,"30 km N of Komodo, Indonesia",earthquake,8.7,7.6,0.17,11,reviewed,us,us
2021-12-16T13:13:36.910Z,32.3251667,-115.3526667,18.43,3.05,ml,30,77,0.1023,0.33,ci,ci40128720,2021-12-17T17:47:08.040Z,"15km WSW of Delta, B.C., MX",earthquake,0.55,1.24,0.159,74,reviewed,ci,ci
2021-12-16T12:25:25.256Z,31.56493822,-104.0301734,8.548120117,4.4,ml,19,60,0.03634227007,0.2,tx,tx2021yope,2021-12-17T15:26:52.084Z,"35 km NW of Toyah, Texas",earthquake,0.9142472607,0.7981118179,0.2,8,reviewed,tx,tx
2021-12-16T11:59:36.700Z,19.2053333333333,-155.467666666667,35.92,2.7,ml,52,99,,0.12,hv,hv72835507,2021-12-17T04:45:35.190Z,"1 km ENE of Pāhala, Hawaii",earthquake,0.37,0.47,0.189563710902981,29,reviewed,hv,hv
2021-12-16T11:48:51.100Z,19.132,-64.7775,46,3.79,md,21,316,0.9668,0.5,pr,pr2021350002,2021-12-16T12:49:26.040Z,"88 km N of Cruz Bay, U.S. Virgin Islands",earthquake,4.15,15.01,0.13,16,reviewed,pr,pr
2021-12-16T11:03:31.337Z,-6.1959,128.0136,386.87,5.1,mb,,21,3.712,0.77,us,us6000gcqy,2021-12-16T11:23:22.040Z,"277 km S of Ambon, Indonesia",earthquake,5,7.2,0.056,102,reviewed,us,us
2021-12-16T10:55:02.460Z,-6.2477,154.84,90.24,4.6,mb,,61,3.358,0.9,us,us6000gcqv,2021-12-17T06:34:24.040Z,"71 km W of Panguna, Papua New Guinea",earthquake,9.3,3.8,0.072,57,reviewed,us,us
2021-12-16T10:01:36.725Z,32.06268311,-102.2393054,10.53999837,3.3,ml,21,57,0.06315904584,0.1,tx,tx2021yokk,2021-12-17T03:40:04.389Z,"14 km ENE of Gardendale, Texas",earthquake,0.4401176865,0.6809954882,0.2,8,reviewed,tx,tx
2021-12-16T09:35:42.936Z,55.615,-151.0697,13.2,2.7,ml,,,,0.4,ak,ak021g2zo4tb,2021-12-16T18:39:45.456Z,"224 km SE of Old Harbor, Alaska",earthquake,,17.9,,,reviewed,ak,ak
2021-12-16T09:01:16.080Z,18.8311666666667,-155.1975,8.57,2.87,ml,46,267,,0.14,hv,hv72835347,2021-12-16T09:29:53.190Z,"48 km ESE of Naalehu, Hawaii",earthquake,0.51,0.54,0.205990357853459,22,reviewed,hv,hv
2021-12-16T08:54:18.700Z,18.883,-155.215166666667,7.21,3.19,ml,42,257,,0.16,hv,hv72835337,2021-12-16T09:36:56.470Z,"43 km ESE of Naalehu, Hawaii",earthquake,0.51,0.41,0.150708259687205,26,reviewed,hv,hv
2021-12-16T08:53:09.440Z,18.7376666666667,-155.266,8.04,2.96,md,38,279,,0.18,hv,hv72835332,2021-12-16T10:31:26.040Z,"49 km SE of Naalehu, Hawaii",earthquake,0.75,0.84,0.227497176096915,16,reviewed,hv,hv
2021-12-16T08:47:46.190Z,18.7343333333333,-155.252,8.33,2.86,md,42,279,,0.16,hv,hv72835322,2021-12-16T10:23:02.040Z,"50 km SE of Naalehu, Hawaii",earthquake,0.67,0.65,0.181796952039075,19,reviewed,hv,hv
2021-12-16T08:46:18.440Z,18.7681666666667,-155.261166666667,8.16,2.69,ml,33,274,,0.13,hv,hv72835317,2021-12-16T09:50:28.110Z,"47 km SE of Naalehu, Hawaii",earthquake,0.86,0.84,0.162847429010189,12,reviewed,hv,hv
2021-12-16T08:02:45.679Z,35.7221,139.9352,56.58,4.2,mb,,154,1.619,0.67,us,us6000gcxx,2021-12-17T18:04:10.897Z,"5 km WNW of Honchō, Japan",earthquake,4.9,12,0.215,6,reviewed,us,us
2021-12-16T08:02:38.412Z,-30.9553,-179.7217,357.59,4.7,mb,,70,2.298,1.03,us,us6000gcpw,2021-12-16T08:23:14.040Z,"Kermadec Islands region",earthquake,12.3,6.1,0.059,87,reviewed,us,us
2021-12-16T07:49:59.078Z,16.0407,-93.8681,73.96,4.3,mb,,164,1.68,0.69,us,us6000gcpt,2021-12-16T09:04:10.040Z,"1 km S of Paredón, Mexico",earthquake,8,14.9,0.047,125,reviewed,us,us
2021-12-16T07:14:04.097Z,-6.0748,148.3105,87.94,4.1,mb,,144,4.269,0.39,us,us6000gcpm,2021-12-16T07:36:33.040Z,"74 km NE of Finschhafen, Papua New Guinea",earthquake,9,13.1,0.135,16,reviewed,us,us
2021-12-16T05:41:30.450Z,18.0651,-68.5703,50,3.68,md,25,221,0.4869,0.29,pr,pr2021350001,2021-12-16T06:26:23.116Z,"34 km S of Boca de Yuma, Dominican Republic",earthquake,2.58,3.87,0.1,9,reviewed,pr,pr
2021-12-16T05:25:33.880Z,-11.1846,123.2331,10,4.1,mb,,83,1.746,1,us,us6000gcp6,2021-12-16T05:50:58.040Z,"119 km SSW of Kupang, Indonesia",earthquake,5.9,1.9,0.185,9,reviewed,us,us
2021-12-16T04:58:33.620Z,17.9825,-66.8608,17,2.49,md,13,157,0.0198,0.19,pr,pr2021350000,2021-12-16T05:11:53.109Z,"3 km E of Maria Antonia, Puerto Rico",earthquake,0.55,0.69,0.1,9,reviewed,pr,pr
2021-12-16T04:48:12.991Z,14.7502,-92.2201,89.85,4.2,mb,,160,1.525,0.7,us,us6000gcnv,2021-12-17T05:33:33.040Z,"5 km WNW of Ignacio Zaragoza, Mexico",earthquake,6.6,11.2,0.087,37,reviewed,us,us
2021-12-16T04:43:33.601Z,-7.0862,128.6709,10,4.5,mb,,68,2.753,0.63,us,us6000gcnt,2021-12-17T05:28:52.040Z,"243 km NE of Lospalos, Timor Leste",earthquake,5.9,1.9,0.144,14,reviewed,us,us
2021-12-16T04:33:27.070Z,32.06451416,-102.2393054,10.34436035,3.7,ml,27,57,0.0649617466,0.1,tx,tx2021ynzp,2021-12-17T05:25:59.561Z,"14 km ENE of Gardendale, Texas",earthquake,0.4187080854,0.7175626679,0.2,13,reviewed,tx,tx
2021-12-16T04:26:07.051Z,-7.049,128.6698,10,5.6,mww,,31,2.766,0.84,us,us6000gcnj,2021-12-17T18:35:35.040Z,"245 km NE of Lospalos, Timor Leste",earthquake,5.7,1.7,0.061,26,reviewed,us,us
2021-12-16T04:01:12.370Z,39.4145,-110.2741667,-3.41,2.49,md,8,248,0.0406,0.18,uu,uu60472297,2021-12-17T04:26:28.040Z,"18 km SSE of Sunnyside, Utah",earthquake,2.85,2.64,0.04,6,reviewed,uu,uu
2021-12-16T03:51:59.263Z,31.4856,142.3639,10,4.8,mb,,79,2.702,0.56,us,us6000gcnd,2021-12-17T02:19:29.040Z,"Izu Islands, Japan region",earthquake,9.3,1.8,0.047,138,reviewed,us,us
